,Date,Open,High,Low,Close,Adj Close,Volume
,"Dec 4, 2025",181.57,184.51,179.97,183.38,183.38,"166,479,246"
,"Dec 3, 2025",181.08,182.45,179.11,179.59,179.59,"165,138,000"
,"Dec 2, 2025",181.76,185.66,180,181.46,181.46,"182,632,200"
,"Dec 1, 2025",174.76,180.3,173.68,179.92,179.92,"188,131,000"
,"Nov 28, 2025",179.01,179.29,176.5,177,177,"121,332,800"
,"Nov 26, 2025",181.63,182.91,178.24,180.26,180.26,"183,852,000"
,"Nov 25, 2025",174.91,178.16,169.55,177.82,177.82,"320,600,300"
,"Nov 24, 2025",179.49,183.5,176.48,182.55,182.55,"256,618,300"
,"Nov 21, 2025",181.24,184.56,172.93,178.88,178.88,"346,926,200"
,"Nov 20, 2025",195.95,196,179.85,180.64,180.64,"343,504,800"
,"Nov 19, 2025",184.79,187.86,182.83,186.52,186.52,"247,246,400"
,"Nov 18, 2025",183.38,184.8,179.65,181.36,181.36,"213,598,900"
,"Nov 17, 2025",185.97,189,184.32,186.6,186.6,"173,628,900"
,"Nov 14, 2025",182.86,191.01,180.58,190.17,190.17,"186,591,900"
,"Nov 13, 2025",191.05,191.44,183.85,186.86,186.86,"207,423,100"
,"Nov 12, 2025",195.72,195.89,191.13,193.8,193.8,"154,935,300"
,"Nov 11, 2025",195.16,195.42,191.3,193.16,193.16,"176,483,300"
,"Nov 10, 2025",195.11,199.94,193.79,199.05,199.05,"198,897,100"
,"Nov 7, 2025",184.9,188.32,178.91,188.15,188.15,"264,942,300"
,"Nov 6, 2025",196.42,197.62,186.38,188.08,188.08,"223,029,800"
,"Nov 5, 2025",198.77,202.92,194.65,195.21,195.21,"171,350,300"
,"Nov 4, 2025",203,203.97,197.93,198.69,198.69,"188,919,300"
,"Nov 3, 2025",208.08,211.34,205.56,206.88,206.88,"180,267,300"
,"Oct 31, 2025",206.45,207.97,202.07,202.49,202.49,"179,802,200"
,"Oct 30, 2025",205.15,206.16,201.41,202.89,202.89,"178,864,400"
,"Oct 29, 2025",207.98,212.19,204.78,207.04,207.04,"308,829,600"
,"Oct 28, 2025",193.05,203.15,191.91,201.03,201.03,"297,986,200"
,"Oct 27, 2025",189.99,192,188.43,191.49,191.49,"153,452,700"
,"Oct 24, 2025",183.84,187.47,183.5,186.26,186.26,"131,296,700"
,"Oct 23, 2025",180.42,183.03,179.79,182.16,182.16,"111,363,700"
,"Oct 22, 2025",181.14,183.44,176.76,180.28,180.28,"162,249,600"
,"Oct 21, 2025",182.79,182.79,179.8,181.16,181.16,"124,240,200"
,"Oct 20, 2025",183.13,185.2,181.73,182.64,182.64,"128,544,700"
,"Oct 17, 2025",180.18,184.1,179.75,183.22,183.22,"173,135,200"
,"Oct 16, 2025",182.23,183.28,179.77,181.81,181.81,"179,723,300"
,"Oct 15, 2025",184.8,184.87,177.29,179.83,179.83,"214,450,500"
,"Oct 14, 2025",184.77,184.8,179.7,180.03,180.03,"205,641,400"
,"Oct 13, 2025",187.97,190.11,185.96,188.32,188.32,"153,482,800"
,"Oct 10, 2025",193.51,195.62,182.05,183.16,183.16,"268,774,400"
,"Oct 9, 2025",192.23,195.3,191.06,192.57,192.57,"182,997,200"
,"Oct 8, 2025",186.57,189.6,186.54,189.11,189.11,"130,168,900"
,"Oct 7, 2025",186.23,189.06,184,185.04,185.04,"140,088,000"
,"Oct 6, 2025",185.5,187.23,183.33,185.54,185.54,"157,678,100"
,"Oct 3, 2025",189.19,190.36,185.38,187.62,187.62,"137,596,900"
,"Oct 2, 2025",189.6,191.05,188.06,188.89,188.89,"136,805,800"
,"Oct 1, 2025",185.24,188.14,183.9,187.24,187.24,"173,844,900"
,"Sep 30, 2025",182.08,187.35,181.48,186.58,186.58,"236,981,000"
,"Sep 29, 2025",180.43,184,180.32,181.85,181.85,"193,063,500"
,"Sep 26, 2025",178.17,179.77,174.93,178.19,178.19,"148,573,700"
,"Sep 25, 2025",174.48,180.26,173.13,177.69,177.69,"191,586,700"
,"Sep 24, 2025",179.77,179.78,175.4,176.97,176.97,"143,564,100"
,"Sep 23, 2025",181.97,182.42,176.21,178.43,178.43,"192,559,600"
,"Sep 22, 2025",175.3,184.55,174.71,183.61,183.61,"269,637,000"
,"Sep 19, 2025",175.77,178.08,175.18,176.67,176.67,"237,182,100"
,"Sep 18, 2025",173.98,177.1,172.96,176.24,176.24,"191,763,300"
,"Sep 17, 2025",172.64,173.2,168.41,170.29,170.29,"211,843,800"
,"Sep 16, 2025",177,177.5,174.38,174.88,174.88,"140,737,800"
,"Sep 15, 2025",175.67,178.85,174.51,177.75,177.75,"147,061,600"
,"Sep 12, 2025",177.77,178.6,176.45,177.82,177.82,"124,911,000"
,"Sep 11, 2025",,,,,,
,"Sep 11, 2025",179.68,180.28,176.48,177.17,177.17,"151,159,300"
,"Sep 10, 2025",176.64,179.29,175.47,177.33,177.32,"226,852,000"
,"Sep 9, 2025",169.09,170.98,166.74,170.76,170.75,"157,548,400"
,"Sep 8, 2025",167.55,170.96,167.35,168.31,168.3,"163,769,100"
,"Sep 5, 2025",168.03,169.03,164.07,167.02,167.01,"224,441,400"
,"Sep 4, 2025",170.57,171.86,169.41,171.66,171.65,"141,670,100"
,"Sep 3, 2025",171.06,172.41,168.88,170.62,170.61,"164,424,900"
,"Sep 2, 2025",170,172.38,167.22,170.78,170.77,"231,164,900"
,"Aug 29, 2025",178.11,178.15,173.15,174.18,174.17,"243,257,900"
,"Aug 28, 2025",180.82,184.47,176.41,180.17,180.16,"281,787,800"
,"Aug 27, 2025",181.98,182.49,179.1,181.6,181.59,"235,518,900"
,"Aug 26, 2025",180.06,182.39,178.81,181.77,181.76,"168,688,200"
,"Aug 25, 2025",178.35,181.91,176.57,179.81,179.8,"163,012,800"
,"Aug 22, 2025",172.61,178.59,171.2,177.99,177.98,"172,789,400"
,"Aug 21, 2025",174.85,176.9,173.81,174.98,174.97,"140,040,900"
,"Aug 20, 2025",175.17,176,168.8,175.4,175.39,"215,142,700"
,"Aug 19, 2025",182.43,182.5,175.49,175.64,175.63,"185,229,200"
,"Aug 18, 2025",180.6,182.94,180.59,182.01,182,"132,008,000"
,"Aug 15, 2025",181.88,181.9,178.04,180.45,180.44,"156,602,200"
,"Aug 14, 2025",179.75,183.02,179.46,182.02,182.01,"129,554,000"
,"Aug 13, 2025",182.62,183.97,179.35,181.59,181.58,"179,871,700"
,"Aug 12, 2025",182.96,184.48,179.46,183.16,183.15,"145,485,700"
,"Aug 11, 2025",182.05,183.84,180.25,182.06,182.05,"138,323,200"
,"Aug 8, 2025",181.55,183.3,180.4,182.7,182.69,"123,396,700"
,"Aug 7, 2025",181.57,183.88,178.8,180.77,180.76,"151,878,400"
,"Aug 6, 2025",176.33,179.9,176.25,179.42,179.41,"137,192,300"
,"Aug 5, 2025",179.62,180.26,175.9,178.26,178.25,"156,407,600"
,"Aug 4, 2025",175.16,180.2,174.52,180,179.99,"148,174,600"
,"Aug 1, 2025",174.09,176.54,170.89,173.72,173.71,"204,529,000"
,"Jul 31, 2025",182.9,183.3,175.93,177.87,177.86,"221,685,400"
,"Jul 30, 2025",176.51,179.89,176.04,179.27,179.26,"174,312,200"
,"Jul 29, 2025",177.96,179.38,175.02,175.51,175.5,"154,077,500"
,"Jul 28, 2025",174.02,177,173.97,176.75,176.74,"140,023,500"
,"Jul 25, 2025",173.61,174.72,172.96,173.5,173.49,"122,316,800"
,"Jul 24, 2025",172.44,173.83,171.3,173.74,173.73,"128,984,600"
,"Jul 23, 2025",169.53,171.26,167.97,170.78,170.77,"154,082,200"
,"Jul 22, 2025",171.34,171.39,164.58,167.03,167.02,"193,114,300"
,"Jul 21, 2025",172.75,173.38,171,171.38,171.37,"123,126,100"
,"Jul 18, 2025",173.64,174.25,171.26,172.41,172.4,"146,456,400"
,"Jul 17, 2025",172.02,174.16,170.83,173,172.99,"160,841,100"
,"Jul 16, 2025",171.06,171.75,168.9,171.37,171.36,"158,831,500"
,"Jul 15, 2025",171.19,172.4,169.2,170.7,170.69,"230,627,400"
,"Jul 14, 2025",165.37,165.49,162.02,164.07,164.06,"136,975,800"
,"Jul 11, 2025",163.72,167.89,163.47,164.92,164.91,"193,633,300"
,"Jul 10, 2025",164.32,164.5,161.61,164.1,164.09,"167,704,100"
,"Jul 9, 2025",161.22,164.42,161.16,162.88,162.87,"183,656,400"
,"Jul 8, 2025",159.33,160.22,158.39,160,159.99,"138,133,000"
,"Jul 7, 2025",158.2,159.31,157.34,158.24,158.23,"140,139,000"
,"Jul 3, 2025",158.37,160.98,157.77,159.34,159.33,"143,716,100"
,"Jul 2, 2025",152.98,157.6,152.97,157.25,157.24,"171,224,100"
,"Jul 1, 2025",156.29,157.2,151.49,153.3,153.29,"213,143,600"
,"Jun 30, 2025",158.4,158.66,155.96,157.99,157.98,"194,580,300"
,"Jun 27, 2025",156.04,158.71,155.26,157.75,157.74,"263,234,500"
,"Jun 26, 2025",155.98,156.72,154,155.02,155.01,"198,145,700"
,"Jun 25, 2025",149.27,154.45,149.26,154.31,154.3,"269,146,500"
,"Jun 24, 2025",145.56,147.96,145.5,147.9,147.89,"187,566,100"
,"Jun 23, 2025",142.5,144.78,142.03,144.17,144.16,"154,308,900"
,"Jun 20, 2025",145.45,146.2,142.65,143.85,143.84,"242,956,200"
,"Jun 18, 2025",144.01,145.65,143.12,145.48,145.47,"161,494,100"
,"Jun 17, 2025",144.49,145.22,143.78,144.12,144.11,"139,108,000"
,"Jun 16, 2025",143.35,146.18,143.2,144.69,144.68,"183,133,700"
,"Jun 13, 2025",142.48,143.58,140.85,141.97,141.96,"180,820,600"
,"Jun 12, 2025",141.97,145,141.85,145,144.99,"162,365,000"
,"Jun 11, 2025",,,,,,
,"Jun 11, 2025",144.61,144.99,141.87,142.83,142.82,"167,694,000"
,"Jun 10, 2025",142.69,144.29,141.53,143.96,143.94,"155,881,900"
,"Jun 9, 2025",143.19,145,141.94,142.63,142.61,"185,114,500"
,"Jun 6, 2025",142.51,143.27,141.51,141.72,141.7,"153,986,200"
,"Jun 5, 2025",142.17,144,138.83,139.99,139.97,"231,397,900"
,"Jun 4, 2025",142.19,142.39,139.54,141.92,141.9,"167,120,800"
,"Jun 3, 2025",138.78,142,137.95,141.22,141.2,"225,578,800"
,"Jun 2, 2025",135.49,138.12,135.4,137.38,137.36,"197,663,100"
,"May 30, 2025",138.72,139.62,132.92,135.13,135.11,"333,170,900"
,"May 29, 2025",142.25,143.49,137.91,139.19,139.17,"369,241,900"
,"May 28, 2025",136.03,137.25,134.79,134.81,134.79,"304,021,100"
,"May 27, 2025",134.15,135.66,133.31,135.5,135.48,"192,953,600"
,"May 23, 2025",130,132.68,129.16,131.29,131.27,"198,821,300"
,"May 22, 2025",132.23,134.25,131.55,132.83,132.81,"187,344,000"
,"May 21, 2025",133.06,137.4,130.59,131.8,131.78,"270,608,700"
,"May 20, 2025",134.29,134.58,132.62,134.38,134.36,"161,514,200"
,"May 19, 2025",132.39,135.87,132.39,135.57,135.55,"193,154,600"
,"May 16, 2025",136.22,136.35,133.46,135.4,135.38,"226,542,500"
,"May 15, 2025",134.29,136.3,132.66,134.83,134.81,"226,632,600"
,"May 14, 2025",133.2,135.44,131.68,135.34,135.32,"281,180,800"
,"May 13, 2025",124.98,131.22,124.47,129.93,129.91,"330,430,100"
,"May 12, 2025",121.97,123,120.28,123,122.98,"225,023,300"
,"May 9, 2025",117.35,118.23,115.21,116.65,116.64,"132,972,200"
,"May 8, 2025",118.25,118.68,115.85,117.37,117.36,"198,428,100"
,"May 7, 2025",113.05,117.68,112.28,117.06,117.05,"206,758,800"
,"May 6, 2025",111.48,114.74,110.82,113.54,113.53,"158,525,600"
,"May 5, 2025",112.91,114.67,112.66,113.82,113.81,"133,163,200"
,"May 2, 2025",114.18,115.4,113.37,114.5,114.49,"190,194,800"
,"May 1, 2025",113.08,114.94,111.3,111.61,111.6,"236,121,500"
,"Apr 30, 2025",104.47,108.92,104.08,108.92,108.91,"235,044,600"
,"Apr 29, 2025",107.67,110.2,107.44,109.02,109.01,"170,444,300"
,"Apr 28, 2025",109.69,110.37,106.02,108.73,108.72,"207,708,500"
,"Apr 25, 2025",106.85,111.92,105.73,111.01,111,"251,064,700"
,"Apr 24, 2025",103.48,106.54,103.11,106.43,106.42,"220,815,000"
,"Apr 23, 2025",104.52,104.8,102.02,102.71,102.7,"247,526,000"
,"Apr 22, 2025",98.78,99.81,97.28,98.89,98.88,"241,004,800"
,"Apr 21, 2025",98.77,99.44,95.04,96.91,96.9,"288,501,100"
,"Apr 17, 2025",104.45,104.47,100.05,101.49,101.48,"292,517,500"
,"Apr 16, 2025",104.55,106.79,100.45,104.49,104.48,"397,016,900"
,"Apr 15, 2025",110.97,113.62,110.5,112.2,112.19,"228,966,900"
,"Apr 14, 2025",114.11,114.29,109.07,110.71,110.7,"264,705,000"
,"Apr 11, 2025",108.5,111.55,107.48,110.93,110.92,"313,417,300"
,"Apr 10, 2025",109.37,110.86,99.15,107.57,107.56,"437,812,400"
,"Apr 9, 2025",98.89,115.1,97.53,114.33,114.32,"612,918,300"
,"Apr 8, 2025",103.81,105.85,94.46,96.3,96.29,"476,243,400"
,"Apr 7, 2025",87.46,101.75,86.62,97.64,97.63,"611,041,300"
,"Apr 4, 2025",98.91,100.13,92.11,94.31,94.3,"532,273,800"
,"Apr 3, 2025",103.51,105.63,101.6,101.8,101.79,"338,769,400"
,"Apr 2, 2025",107.29,111.98,106.79,110.42,110.41,"220,601,200"
,"Apr 1, 2025",108.52,110.2,106.47,110.15,110.14,"222,614,000"
,"Mar 31, 2025",105.13,110.96,103.65,108.38,108.37,"299,212,700"
,"Mar 28, 2025",111.49,112.87,109.07,109.67,109.66,"229,872,500"
,"Mar 27, 2025",111.35,114.45,110.66,111.43,111.42,"236,902,100"
,"Mar 26, 2025",118.73,118.84,112.71,113.76,113.75,"293,463,300"
,"Mar 25, 2025",120.55,121.29,118.92,120.69,120.67,"167,447,200"
,"Mar 24, 2025",119.88,122.22,119.34,121.41,121.39,"228,452,500"
,"Mar 21, 2025",116.94,117.99,115.42,117.7,117.69,"266,498,500"
,"Mar 20, 2025",116.55,120.2,116.47,118.53,118.52,"248,829,700"
,"Mar 19, 2025",117.27,120.45,115.68,117.52,117.51,"273,426,200"
,"Mar 18, 2025",118,119.02,114.54,115.43,115.42,"299,686,900"
,"Mar 17, 2025",122.74,122.89,118.03,119.53,119.51,"255,501,500"
,"Mar 14, 2025",118.61,121.88,118.15,121.67,121.65,"277,593,500"
,"Mar 13, 2025",117.03,117.76,113.79,115.58,115.57,"299,033,100"
,"Mar 12, 2025",,,,,,
,"Mar 12, 2025",114.12,116.76,112.88,115.74,115.73,"323,857,500"
,"Mar 11, 2025",106.99,112.24,104.77,108.76,108.74,"354,865,700"
,"Mar 10, 2025",109.9,111.85,105.46,106.98,106.96,"366,487,400"
,"Mar 7, 2025",111.25,113.48,107.56,112.69,112.67,"341,755,500"
,"Mar 6, 2025",113.53,115.35,110.22,110.57,110.55,"321,181,900"
,"Mar 5, 2025",117.58,118.28,114.51,117.3,117.27,"284,337,900"
,"Mar 4, 2025",110.65,119.31,110.11,115.99,115.96,"398,163,300"
,"Mar 3, 2025",123.51,123.7,112.28,114.06,114.04,"411,381,400"
,"Feb 28, 2025",118.02,125.09,116.4,124.92,124.89,"389,091,100"
,"Feb 27, 2025",135,135.01,120.01,120.15,120.12,"443,175,800"
,"Feb 26, 2025",129.99,133.73,128.49,131.28,131.25,"322,553,800"
,"Feb 25, 2025",129.98,130.2,124.44,126.63,126.6,"271,428,700"
,"Feb 24, 2025",136.56,138.59,130.08,130.28,130.25,"251,381,100"
,"Feb 21, 2025",140.04,141.46,134.03,134.43,134.4,"228,217,600"
,"Feb 20, 2025",140.03,140.66,136.79,140.11,140.08,"143,903,600"
,"Feb 19, 2025",139.51,141.36,137.22,139.23,139.2,"167,536,000"
,"Feb 18, 2025",141.27,143.44,137.93,139.4,139.37,"219,176,600"
,"Feb 14, 2025",136.48,139.25,135.5,138.85,138.82,"195,479,600"
,"Feb 13, 2025",131.56,136.5,131.17,135.29,135.26,"197,430,000"
,"Feb 12, 2025",130.02,132.24,129.08,131.14,131.11,"160,278,600"
,"Feb 11, 2025",132.58,134.48,131.02,132.8,132.77,"178,902,400"
,"Feb 10, 2025",130.09,135,129.96,133.57,133.54,"216,989,100"
,"Feb 7, 2025",129.22,130.37,125,129.84,129.81,"228,186,300"
,"Feb 6, 2025",127.42,128.77,125.21,128.68,128.65,"251,483,600"
,"Feb 5, 2025",121.76,125,120.76,124.83,124.8,"262,230,800"
,"Feb 4, 2025",116.96,121.2,116.7,118.65,118.62,"256,550,000"
,"Feb 3, 2025",114.75,118.57,113.01,116.66,116.63,"371,235,700"
,"Jan 31, 2025",123.78,127.85,119.19,120.07,120.04,"388,161,100"
,"Jan 30, 2025",123.1,125,118.1,124.65,124.62,"392,925,500"
,"Jan 29, 2025",126.5,126.89,120.05,123.7,123.67,"467,120,600"
,"Jan 28, 2025",121.81,129,116.25,128.99,128.96,"579,666,400"
,"Jan 27, 2025",124.8,128.4,116.7,118.42,118.39,"818,830,900"
,"Jan 24, 2025",148.37,148.97,141.88,142.62,142.59,"234,657,600"
,"Jan 23, 2025",145.05,147.23,143.72,147.22,147.19,"155,915,500"
,"Jan 22, 2025",144.66,147.79,143.67,147.07,147.04,"237,651,400"
,"Jan 21, 2025",139.16,141.83,137.09,140.83,140.8,"197,749,000"
,"Jan 17, 2025",136.69,138.5,135.46,137.71,137.68,"201,188,800"
,"Jan 16, 2025",138.64,138.75,133.49,133.57,133.54,"209,235,600"
,"Jan 15, 2025",133.65,136.45,131.29,136.24,136.21,"185,217,300"
,"Jan 14, 2025",136.05,136.38,130.05,131.76,131.73,"195,590,500"
,"Jan 13, 2025",129.99,133.49,129.51,133.23,133.2,"204,808,900"
,"Jan 10, 2025",137.45,139.92,134.22,135.91,135.88,"207,602,500"
,"Jan 8, 2025",142.58,143.95,137.56,140.11,140.08,"227,349,900"
,"Jan 7, 2025",153.03,153.13,140.01,140.14,140.11,"351,782,200"
,"Jan 6, 2025",148.59,152.16,147.82,149.43,149.4,"265,377,400"
,"Jan 3, 2025",140.01,144.9,139.73,144.47,144.44,"229,322,500"
,"Jan 2, 2025",136,138.88,134.63,138.31,138.28,"198,247,200"
,"Dec 31, 2024",138.03,138.07,133.83,134.29,134.26,"155,659,200"
,"Dec 30, 2024",134.83,140.27,134.02,137.49,137.46,"167,734,700"
,"Dec 27, 2024",138.55,139.02,134.71,137.01,136.98,"170,582,600"
,"Dec 26, 2024",139.7,140.85,137.73,139.93,139.9,"116,205,600"
,"Dec 24, 2024",140,141.9,138.65,140.22,140.19,"105,157,000"
,"Dec 23, 2024",136.28,139.79,135.12,139.67,139.64,"176,053,500"
,"Dec 20, 2024",129.81,135.28,128.22,134.7,134.67,"306,528,600"
,"Dec 19, 2024",131.76,134.03,129.55,130.68,130.65,"209,719,200"
,"Dec 18, 2024",133.86,136.7,128.28,128.91,128.88,"277,444,500"
,"Dec 17, 2024",129.09,131.59,126.86,130.39,130.36,"259,410,300"
,"Dec 16, 2024",134.18,134.4,130.42,132,131.97,"237,951,100"
,"Dec 13, 2024",138.94,139.6,132.54,134.25,134.22,"231,514,900"
,"Dec 12, 2024",137.08,138.44,135.8,137.34,137.31,"159,211,400"
,"Dec 11, 2024",137.36,140.17,135.21,139.31,139.28,"184,905,200"
,"Dec 10, 2024",139.01,141.82,133.79,135.07,135.04,"210,020,900"
,"Dec 9, 2024",138.97,139.95,137.13,138.81,138.78,"189,308,600"
,"Dec 6, 2024",144.6,145.7,141.31,142.44,142.41,"188,505,600"
,"Dec 5, 2024",,,,,,
,"Dec 5, 2024",145.11,146.54,143.95,145.06,145.03,"172,621,200"
,"Dec 4, 2024",142,145.79,140.29,145.14,145.1,"231,224,300"
,"Dec 3, 2024",138.26,140.54,137.95,140.26,140.22,"164,414,000"
,"Dec 2, 2024",138.83,140.45,137.82,138.63,138.59,"171,682,800"
,"Nov 29, 2024",136.78,139.35,136.05,138.25,138.21,"141,863,200"
,"Nov 27, 2024",135.01,137.22,131.8,135.34,135.3,"226,370,900"
,"Nov 26, 2024",137.7,139.3,135.67,136.92,136.88,"190,287,700"
,"Nov 25, 2024",141.99,142.05,135.82,136.02,135.98,"344,941,900"
,"Nov 22, 2024",145.93,147.16,141.1,141.95,141.91,"236,406,200"
,"Nov 21, 2024",149.35,152.89,140.7,146.67,146.63,"400,946,600"
,"Nov 20, 2024",147.41,147.56,142.73,145.89,145.85,"309,871,700"
,"Nov 19, 2024",141.32,147.13,140.99,147.01,146.97,"227,834,900"
,"Nov 18, 2024",139.5,141.55,137.15,140.15,140.11,"221,205,300"
,"Nov 15, 2024",144.87,145.24,140.08,141.98,141.94,"250,132,900"
,"Nov 14, 2024",147.64,149,145.55,146.76,146.72,"194,463,300"
,"Nov 13, 2024",149.07,149.33,145.9,146.27,146.23,"191,903,300"
,"Nov 12, 2024",146.78,149.65,146.01,148.29,148.25,"198,634,700"
,"Nov 11, 2024",148.68,148.85,143.57,145.26,145.22,"182,325,600"
,"Nov 8, 2024",148.77,149.77,146.26,147.63,147.59,"175,665,800"
,"Nov 7, 2024",146.39,148.93,146.17,148.88,148.84,"207,323,300"
,"Nov 6, 2024",142.96,146.49,141.96,145.61,145.57,"242,043,900"
,"Nov 5, 2024",137.45,140.37,137.33,139.91,139.87,"160,537,400"
,"Nov 4, 2024",137.21,138.96,135.57,136.05,136.01,"187,528,200"
,"Nov 1, 2024",134.7,137.31,134.57,135.4,135.36,"207,127,800"
,"Oct 31, 2024",137.6,137.61,132.11,132.76,132.72,"270,039,600"
,"Oct 30, 2024",139.54,140.33,136.81,139.34,139.3,"179,418,100"
,"Oct 29, 2024",140.29,142.26,138.9,141.25,141.21,"157,593,600"
,"Oct 28, 2024",143,143.14,140.05,140.52,140.48,"173,586,700"
,"Oct 25, 2024",140.93,144.13,140.8,141.54,141.5,"205,122,100"
,"Oct 24, 2024",140.82,141.35,138.46,140.41,140.37,"172,354,900"
,"Oct 23, 2024",142.03,142.43,137.46,139.56,139.52,"285,930,000"
,"Oct 22, 2024",142.91,144.42,141.78,143.59,143.55,"226,311,600"
,"Oct 21, 2024",138.13,143.71,138,143.71,143.67,"264,554,500"
,"Oct 18, 2024",138.67,138.9,137.28,138,137.96,"176,090,200"
,"Oct 17, 2024",139.34,140.89,136.87,136.93,136.89,"306,435,900"
,"Oct 16, 2024",133.98,136.62,131.58,135.72,135.68,"264,879,700"
,"Oct 15, 2024",137.87,138.57,128.74,131.6,131.56,"377,831,000"
,"Oct 14, 2024",136.47,139.6,136.3,138.07,138.03,"232,347,700"
,"Oct 11, 2024",134.01,135.78,133.66,134.8,134.76,"170,209,500"
,"Oct 10, 2024",131.91,135,131,134.81,134.77,"242,311,300"
,"Oct 9, 2024",134.11,134.52,131.38,132.65,132.61,"246,191,600"
,"Oct 8, 2024",130.26,133.48,129.42,132.89,132.85,"285,722,500"
,"Oct 7, 2024",124.99,130.64,124.95,127.72,127.68,"346,250,200"
,"Oct 4, 2024",124.94,125.04,121.83,124.92,124.88,"243,678,100"
,"Oct 3, 2024",120.92,124.36,120.34,122.85,122.81,"277,118,000"
,"Oct 2, 2024",116.44,119.38,115.14,118.85,118.82,"221,845,900"
,"Oct 1, 2024",121.77,122.44,115.79,117,116.97,"302,094,500"
,"Sep 30, 2024",118.31,121.5,118.15,121.44,121.41,"226,553,700"
,"Sep 27, 2024",123.97,124.03,119.26,121.4,121.37,"271,009,200"
,"Sep 26, 2024",126.8,127.67,121.8,124.04,124,"302,582,900"
,"Sep 25, 2024",122.02,124.94,121.61,123.51,123.47,"284,692,900"
,"Sep 24, 2024",116.52,121.8,115.38,120.87,120.84,"354,966,800"
,"Sep 23, 2024",116.55,116.99,114.86,116.26,116.23,"206,228,500"
,"Sep 20, 2024",117.06,118.62,115.39,116,115.97,"382,462,400"
,"Sep 19, 2024",117.35,119.66,117.25,117.87,117.84,"293,506,400"
,"Sep 18, 2024",115.89,117.7,113.22,113.37,113.34,"310,318,900"
,"Sep 17, 2024",118.17,118.8,114.83,115.59,115.56,"231,925,900"
,"Sep 16, 2024",116.79,118.18,114.36,116.78,116.75,"248,772,300"
,"Sep 13, 2024",119.08,119.96,117.6,119.1,119.07,"238,358,300"
,"Sep 12, 2024",,,,,,
,"Sep 12, 2024",116.84,120.79,115.38,119.14,119.11,"366,052,700"
,"Sep 11, 2024",109.39,117.19,107.42,116.91,116.87,"441,422,400"
,"Sep 10, 2024",107.81,109.4,104.95,108.1,108.06,"268,283,700"
,"Sep 9, 2024",104.88,106.55,103.69,106.47,106.43,"273,912,000"
,"Sep 6, 2024",108.04,108.15,100.95,102.83,102.79,"413,638,100"
,"Sep 5, 2024",104.99,109.65,104.76,107.21,107.17,"306,850,700"
,"Sep 4, 2024",105.41,113.27,104.12,106.21,106.17,"372,470,300"
,"Sep 3, 2024",116.01,116.21,107.29,108,107.96,"477,155,100"
,"Aug 30, 2024",119.53,121.75,117.22,119.37,119.33,"333,751,600"
,"Aug 29, 2024",121.36,124.43,116.71,117.59,117.55,"453,023,300"
,"Aug 28, 2024",128.12,128.33,122.64,125.61,125.56,"448,101,100"
,"Aug 27, 2024",125.05,129.2,123.88,128.3,128.25,"303,134,600"
,"Aug 26, 2024",129.57,131.26,124.37,126.46,126.41,"331,964,700"
,"Aug 23, 2024",125.86,129.6,125.22,129.37,129.32,"323,230,300"
,"Aug 22, 2024",130.02,130.75,123.1,123.74,123.69,"376,189,100"
,"Aug 21, 2024",127.32,129.35,126.66,128.5,128.45,"257,883,600"
,"Aug 20, 2024",128.4,129.88,125.89,127.25,127.2,"300,087,400"
,"Aug 19, 2024",124.28,130,123.42,130,129.95,"318,333,600"
,"Aug 16, 2024",121.94,125,121.18,124.58,124.53,"302,589,900"
,"Aug 15, 2024",118.76,123.24,117.47,122.86,122.81,"318,086,700"
,"Aug 14, 2024",118.53,118.6,114.07,118.08,118.04,"339,246,400"
,"Aug 13, 2024",112.44,116.23,111.58,116.14,116.1,"312,646,700"
,"Aug 12, 2024",106.32,111.07,106.26,109.02,108.98,"325,559,900"
,"Aug 9, 2024",105.64,106.6,103.43,104.75,104.71,"290,844,200"
,"Aug 8, 2024",102,105.5,97.52,104.97,104.93,"391,910,000"
,"Aug 7, 2024",107.81,108.8,98.69,98.91,98.87,"411,440,400"
,"Aug 6, 2024",103.84,107.71,100.55,104.25,104.21,"409,012,100"
,"Aug 5, 2024",92.06,103.41,90.69,100.45,100.41,"552,842,400"
,"Aug 2, 2024",103.76,108.72,101.37,107.27,107.23,"482,027,500"
,"Aug 1, 2024",117.53,120.16,106.81,109.21,109.17,"523,462,300"
,"Jul 31, 2024",112.9,118.34,110.88,117.02,116.98,"473,174,200"
,"Jul 30, 2024",111.52,111.99,102.54,103.73,103.69,"486,833,300"
,"Jul 29, 2024",113.69,116.28,111.3,111.59,111.55,"248,152,100"
,"Jul 26, 2024",116.19,116.2,111.58,113.06,113.02,"293,399,100"
,"Jul 25, 2024",113.04,116.63,106.3,112.28,112.24,"460,067,000"
,"Jul 24, 2024",119.17,119.95,113.44,114.25,114.21,"327,776,900"
,"Jul 23, 2024",122.78,124.69,122.1,122.59,122.54,"173,911,000"
,"Jul 22, 2024",120.35,124.07,119.86,123.54,123.49,"258,068,900"
,"Jul 19, 2024",120.35,121.6,117.37,117.93,117.89,"217,223,800"
,"Jul 18, 2024",121.85,122.4,116.56,121.09,121.04,"320,979,500"
,"Jul 17, 2024",121.35,121.85,116.72,117.99,117.95,"390,086,200"
,"Jul 16, 2024",128.44,129.04,124.58,126.36,126.31,"214,769,500"
,"Jul 15, 2024",130.56,131.39,127.18,128.44,128.39,"208,326,200"
,"Jul 12, 2024",128.26,131.92,127.22,129.24,129.19,"252,680,500"
,"Jul 11, 2024",135.75,136.15,127.05,127.4,127.35,"374,782,700"
,"Jul 10, 2024",134.03,135.1,132.42,134.91,134.86,"248,978,600"
,"Jul 9, 2024",130.35,133.82,128.65,131.38,131.33,"285,366,600"
,"Jul 8, 2024",127.49,130.77,127.04,128.2,128.15,"237,677,300"
,"Jul 5, 2024",127.38,128.85,125.68,125.83,125.78,"214,176,700"
,"Jul 3, 2024",121.66,128.28,121.36,128.28,128.23,"215,749,000"
,"Jul 2, 2024",121.13,123.41,121.03,122.67,122.62,"218,374,000"
,"Jul 1, 2024",123.47,124.84,118.83,124.3,124.25,"284,885,500"
,"Jun 28, 2024",124.58,127.71,122.75,123.54,123.49,"315,516,700"
,"Jun 27, 2024",124.1,126.41,122.92,123.99,123.94,"252,571,700"
,"Jun 26, 2024",126.13,128.12,122.6,126.4,126.35,"362,975,900"
,"Jun 25, 2024",121.2,126.5,119.32,126.09,126.04,"414,192,600"
,"Jun 24, 2024",123.24,124.46,118.04,118.11,118.07,"476,060,900"
,"Jun 21, 2024",127.12,130.63,124.3,126.57,126.52,"649,445,800"
,"Jun 20, 2024",139.8,140.76,129.52,130.78,130.73,"517,768,400"
,"Jun 18, 2024",131.14,136.33,130.69,135.58,135.53,"294,335,100"
,"Jun 17, 2024",132.99,133.73,129.58,130.98,130.93,"288,504,400"
,"Jun 14, 2024",129.96,132.84,128.32,131.88,131.83,"309,320,400"
,"Jun 13, 2024",129.39,129.8,127.16,129.61,129.56,"260,704,500"
,"Jun 12, 2024",123.06,126.88,122.57,125.2,125.15,"299,595,000"
,"Jun 11, 2024",,,,,,
,"Jun 11, 2024",121.77,122.87,118.74,120.91,120.87,"222,551,200"
,"Jun 10, 2024",10:1 Stock Splits,,,,,
,"Jun 10, 2024",120.37,123.1,117.01,121.79,121.73,"313,434,100"
,"Jun 7, 2024",119.77,121.69,118.02,120.89,120.83,"412,386,000"
,"Jun 6, 2024",124.05,125.59,118.32,121,120.94,"664,696,000"
,"Jun 5, 2024",118.37,122.45,117.47,122.44,122.38,"528,402,000"
,"Jun 4, 2024",115.72,116.6,114.04,116.44,116.38,"403,324,000"
,"Jun 3, 2024",113.62,115,112,115,114.95,"438,392,000"
,"May 31, 2024",112.52,112.72,106.94,109.63,109.58,"613,263,000"
,"May 30, 2024",114.65,115.82,109.66,110.5,110.45,"484,553,000"
,"May 29, 2024",113.05,115.49,110.9,114.82,114.77,"557,442,000"
,"May 28, 2024",110.24,114.94,109.88,113.9,113.85,"652,728,000"
,"May 24, 2024",104.45,106.47,103,106.47,106.42,"429,494,000"
,"May 23, 2024",102.03,106.32,101.52,103.8,103.75,"835,065,000"
,"May 22, 2024",95.46,96.02,93.25,94.95,94.91,"548,648,000"
,"May 21, 2024",93.6,95.4,93.18,95.39,95.34,"328,946,000"
,"May 20, 2024",93.75,95.2,93.44,94.78,94.74,"318,764,000"
,"May 17, 2024",94.37,94.74,91.81,92.48,92.44,"359,691,000"
,"May 16, 2024",94.91,95.82,94.1,94.36,94.32,"323,952,000"
,"May 15, 2024",92.47,94.86,91.6,94.63,94.59,"417,735,000"
,"May 14, 2024",89.6,91.65,88.93,91.36,91.31,"296,507,000"
,"May 13, 2024",90.48,91,88.53,90.4,90.36,"289,680,000"
,"May 10, 2024",90.31,91.4,89.23,89.88,89.84,"335,325,000"
,"May 9, 2024",90.53,91.07,88.23,88.75,88.71,"378,013,000"
,"May 8, 2024",89.48,91.19,89.42,90.41,90.37,"325,721,000"
,"May 7, 2024",91.1,91.78,89.01,90.55,90.51,"437,342,000"
,"May 6, 2024",89.39,92.22,89.06,92.14,92.1,"376,203,000"
,"May 3, 2024",87.79,89.28,87.04,88.79,88.75,"398,341,000"
,"May 2, 2024",84.45,86.24,83.2,85.82,85.78,"377,898,000"
,"May 1, 2024",85.08,86,81.25,83.04,83,"559,863,000"
,"Apr 30, 2024",87.24,88.82,86.3,86.4,86.36,"363,709,000"
,"Apr 29, 2024",87.6,87.99,85.27,87.76,87.72,"388,971,000"
,"Apr 26, 2024",83.82,88.33,83.39,87.74,87.7,"551,011,000"
,"Apr 25, 2024",78.87,83.32,78.22,82.63,82.59,"424,641,000"
,"Apr 24, 2024",83.95,84.08,79.18,79.68,79.64,"512,208,000"
,"Apr 23, 2024",80.77,82.77,80.26,82.42,82.39,"438,559,000"
,"Apr 22, 2024",78.1,80.07,76.4,79.52,79.48,"596,341,000"
,"Apr 19, 2024",83.15,84.32,75.61,76.2,76.17,"875,198,000"
,"Apr 18, 2024",84.97,86.19,82.4,84.67,84.63,"447,260,000"
,"Apr 17, 2024",88.34,88.78,83.95,84.04,84,"495,400,000"
,"Apr 16, 2024",86.43,88.12,86.06,87.42,87.38,"370,453,000"
,"Apr 15, 2024",89.1,90.61,85.93,86,85.96,"443,077,000"
,"Apr 12, 2024",89.7,90.18,87.53,88.19,88.15,"426,805,000"
,"Apr 11, 2024",87.42,90.74,86.93,90.62,90.57,"431,637,000"
,"Apr 10, 2024",83.93,87.4,83.71,87.04,87,"431,929,000"
,"Apr 9, 2024",87.44,87.64,83.02,85.35,85.32,"501,700,000"
,"Apr 8, 2024",88.7,88.83,86.73,87.13,87.09,"283,220,000"
,"Apr 5, 2024",86.87,88.48,85.93,88.01,87.97,"399,678,000"
,"Apr 4, 2024",90.41,90.63,85.88,85.9,85.87,"434,965,000"
,"Apr 3, 2024",88.48,90.37,88.4,88.96,88.92,"370,067,000"
,"Apr 2, 2024",88.45,90.09,87.62,89.45,89.41,"433,064,000"
,"Apr 1, 2024",90.3,92.22,89.2,90.36,90.32,"452,441,000"
,"Mar 28, 2024",90,91.3,89.19,90.36,90.31,"435,212,000"
,"Mar 27, 2024",93.11,93.24,89.12,90.25,90.21,"586,067,000"
,"Mar 26, 2024",95.85,96.38,92.5,92.56,92.52,"513,648,000"
,"Mar 25, 2024",93.94,96.77,93.51,95,94.96,"552,136,000"
,"Mar 22, 2024",91.14,94.78,90.83,94.29,94.25,"586,719,000"
,"Mar 21, 2024",92.3,92.65,90.4,91.43,91.39,"480,372,000"
,"Mar 20, 2024",89.8,90.41,88.22,90.37,90.33,"479,063,000"
,"Mar 19, 2024",86.7,90.54,85.01,89.4,89.36,"672,171,000"
,"Mar 18, 2024",90.39,92.4,87.08,88.46,88.41,"668,976,000"
,"Mar 15, 2024",86.93,89.55,86.26,87.84,87.8,"642,086,000"
,"Mar 14, 2024",89.58,90.65,86.6,87.94,87.9,"602,318,000"
,"Mar 13, 2024",91.06,91.5,88.43,90.89,90.85,"635,713,000"
,"Mar 12, 2024",88.05,91.96,86.15,91.91,91.87,"668,075,000"
,"Mar 11, 2024",86.43,88.8,84.17,85.77,85.74,"678,364,000"
,"Mar 8, 2024",95.14,97.4,86.51,87.53,87.49,"1,142,269,000"
,"Mar 7, 2024",90.16,92.77,89.6,92.67,92.63,"608,119,000"
,"Mar 6, 2024",88.02,89.72,87.03,88.7,88.66,"582,520,000"
,"Mar 5, 2024",,,,,,
,"Mar 5, 2024",85.27,86.1,83.42,85.96,85.92,"520,639,000"
,"Mar 4, 2024",84.13,87.69,83.72,85.24,85.19,"615,616,000"
,"Mar 1, 2024",80,82.3,79.43,82.28,82.24,"479,135,000"
,"Feb 29, 2024",79.09,79.99,78.35,79.11,79.07,"507,289,000"
,"Feb 28, 2024",77.62,78.93,77.13,77.66,77.62,"393,110,000"
,"Feb 27, 2024",79.38,79.48,77.16,78.7,78.66,"391,705,000"
,"Feb 26, 2024",79.7,80.65,78.5,79.09,79.05,"503,973,000"
,"Feb 23, 2024",80.79,82.39,77.57,78.82,78.78,"829,388,000"
,"Feb 22, 2024",75.03,78.57,74.22,78.54,78.5,"865,100,000"
,"Feb 21, 2024",68.01,68.89,66.25,67.47,67.44,"673,755,000"
,"Feb 20, 2024",71.95,71.96,67.73,69.45,69.42,"704,833,000"
,"Feb 16, 2024",74.1,74.4,72.5,72.61,72.58,"495,327,000"
,"Feb 15, 2024",73.87,73.97,72.4,72.66,72.62,"420,122,000"
,"Feb 14, 2024",73.2,74.24,71.94,73.9,73.86,"504,917,000"
,"Feb 13, 2024",70.4,73.45,69.62,72.13,72.09,"602,580,000"
,"Feb 12, 2024",72.6,74.61,71.25,72.25,72.21,"613,710,000"
,"Feb 9, 2024",70.53,72.18,70.21,72.13,72.1,"436,637,000"
,"Feb 8, 2024",70.07,70.79,69.46,69.64,69.61,"414,422,000"
,"Feb 7, 2024",68.32,70.22,67.6,70.1,70.06,"495,575,000"
,"Feb 6, 2024",69.63,69.75,66.3,68.22,68.19,"683,111,000"
,"Feb 5, 2024",68.22,69.5,67.21,69.33,69.3,"680,078,000"
,"Feb 2, 2024",63.97,66.6,63.69,66.16,66.13,"476,578,000"
,"Feb 1, 2024",62.1,63.19,61.65,63.03,63,"369,146,000"
,"Jan 31, 2024",61.44,62.27,60.7,61.53,61.5,"453,795,000"
,"Jan 30, 2024",62.9,63.49,62.26,62.77,62.74,"410,735,000"
,"Jan 29, 2024",61.23,62.49,60.91,62.47,62.43,"348,733,000"
,"Jan 26, 2024",60.96,61.78,60.57,61.03,61,"390,309,000"
,"Jan 25, 2024",62.35,62.72,60.85,61.62,61.59,"482,777,000"
,"Jan 24, 2024",60.3,62.85,59.94,61.36,61.33,"560,271,000"
,"Jan 23, 2024",59.57,59.91,58.58,59.87,59.84,"294,654,000"
,"Jan 22, 2024",60.05,60.33,59.07,59.65,59.62,"452,955,000"
,"Jan 19, 2024",57.99,59.5,57.22,59.49,59.46,"543,501,000"
,"Jan 18, 2024",57.26,57.6,56.11,57.11,57.08,"491,650,000"
,"Jan 17, 2024",56.35,56.47,54.74,56.05,56.02,"474,394,000"
,"Jan 16, 2024",55.02,56.83,54.9,56.38,56.35,"449,580,000"
,"Jan 12, 2024",54.62,54.97,54.33,54.71,54.68,"352,994,000"
,"Jan 11, 2024",55,55.35,53.56,54.82,54.79,"596,759,000"
,"Jan 10, 2024",53.62,54.6,53.49,54.35,54.32,"533,796,000"
,"Jan 9, 2024",52.4,54.33,51.69,53.14,53.11,"773,100,000"
,"Jan 8, 2024",49.51,52.28,49.48,52.25,52.23,"642,510,000"
,"Jan 5, 2024",48.46,49.55,48.31,49.1,49.07,"415,039,000"
,"Jan 4, 2024",47.77,48.5,47.51,48,47.97,"306,535,000"
,"Jan 3, 2024",47.49,48.18,47.32,47.57,47.55,"320,896,000"
,"Jan 2, 2024",49.24,49.29,47.6,48.17,48.14,"411,254,000"
,"Dec 29, 2023",49.81,50,48.75,49.52,49.5,"389,293,000"
,"Dec 28, 2023",49.64,49.88,49.41,49.52,49.5,"246,587,000"
,"Dec 27, 2023",49.51,49.68,49.08,49.42,49.39,"233,648,000"
,"Dec 26, 2023",48.97,49.6,48.96,49.28,49.25,"244,200,000"
,"Dec 22, 2023",49.19,49.38,48.47,48.83,48.81,"252,507,000"
,"Dec 21, 2023",48.81,49.1,48.42,48.99,48.97,"300,425,000"
,"Dec 20, 2023",49.65,50,48.1,48.11,48.09,"397,894,000"
,"Dec 19, 2023",49.42,49.7,48.9,49.6,49.58,"464,444,000"
,"Dec 18, 2023",49.4,50.43,49.15,50.08,50.05,"412,587,000"
,"Dec 15, 2023",48.19,49.4,48.12,48.89,48.87,"479,948,000"
,"Dec 14, 2023",48.39,48.67,47.42,48.35,48.33,"391,232,000"
,"Dec 13, 2023",47.63,48.59,47.61,48.09,48.06,"447,792,000"
,"Dec 12, 2023",46.05,47.67,46.05,47.66,47.63,"372,387,000"
,"Dec 11, 2023",47.49,47.53,45.83,46.63,46.6,"509,728,000"
,"Dec 8, 2023",46.6,47.74,46.55,47.51,47.48,"359,224,000"
,"Dec 7, 2023",45.7,46.63,45.6,46.6,46.57,"350,823,000"
,"Dec 6, 2023",47.22,47.39,45.41,45.5,45.48,"380,590,000"
,"Dec 5, 2023",,,,,,
,"Dec 5, 2023",45.47,46.6,45.27,46.57,46.54,"371,718,000"
,"Dec 4, 2023",46.08,46.08,45.01,45.51,45.48,"437,543,000"
,"Dec 1, 2023",46.53,47.2,46.19,46.76,46.74,"369,317,000"
,"Nov 30, 2023",48.02,48.11,46.42,46.77,46.74,"526,247,000"
,"Nov 29, 2023",48.38,48.76,47.86,48.14,48.11,"382,005,000"
,"Nov 28, 2023",48.24,48.32,47.47,47.82,47.79,"401,491,000"
,"Nov 27, 2023",47.8,48.53,47.65,48.24,48.21,"395,662,000"
,"Nov 24, 2023",48.47,48.92,47.74,47.78,47.75,"294,645,000"
,"Nov 22, 2023",49.85,50.33,47.69,48.72,48.69,"899,420,000"
,"Nov 21, 2023",50.13,50.52,49.22,49.94,49.91,"565,747,000"
,"Nov 20, 2023",49.31,50.55,49.18,50.41,50.38,"414,120,000"
,"Nov 17, 2023",49.52,49.72,49.01,49.3,49.27,"325,205,000"
,"Nov 16, 2023",48.68,49.53,48.33,49.48,49.45,"339,756,000"
,"Nov 15, 2023",49.94,49.96,48.2,48.89,48.86,"475,497,000"
,"Nov 14, 2023",49.68,49.83,49.04,49.66,49.63,"416,954,000"
,"Nov 13, 2023",48.32,49.12,48.1,48.62,48.59,"384,136,000"
,"Nov 10, 2023",47.5,48.47,47.28,48.33,48.31,"421,245,000"
,"Nov 9, 2023",47.47,48.23,46.75,46.95,46.92,"540,496,000"
,"Nov 8, 2023",46.1,46.87,45.97,46.57,46.55,"346,719,000"
,"Nov 7, 2023",45.72,46.22,45.16,45.96,45.93,"343,165,000"
,"Nov 6, 2023",45.28,45.94,44.9,45.75,45.72,"400,733,000"
,"Nov 3, 2023",44.02,45.31,43.72,45.01,44.98,"424,610,000"
,"Nov 2, 2023",43.33,43.88,42.89,43.51,43.48,"409,172,000"
,"Nov 1, 2023",40.88,42.38,40.87,42.33,42.3,"437,593,000"
,"Oct 31, 2023",40.45,40.88,39.23,40.78,40.76,"517,969,000"
,"Oct 30, 2023",41.09,41.77,40.48,41.16,41.14,"388,028,000"
,"Oct 27, 2023",41.13,41.21,40.01,40.5,40.48,"416,784,000"
,"Oct 26, 2023",41.85,42.26,39.88,40.33,40.3,"541,001,000"
,"Oct 25, 2023",43.4,43.65,41.56,41.78,41.75,"398,379,000"
,"Oct 24, 2023",43.08,43.7,42.69,43.66,43.64,"401,463,000"
,"Oct 23, 2023",41.23,43.25,40.94,42.97,42.95,"478,530,000"
,"Oct 20, 2023",41.89,42.47,41.08,41.39,41.36,"477,266,000"
,"Oct 19, 2023",42.81,43.3,41.88,42.1,42.08,"501,233,000"
,"Oct 18, 2023",42.59,43.22,41.83,42.2,42.17,"627,294,000"
,"Oct 17, 2023",44,44.75,42.48,43.94,43.91,"812,333,000"
,"Oct 16, 2023",45.06,46.22,44.91,46.1,46.07,"375,099,000"
,"Oct 13, 2023",46.96,47.12,45.28,45.46,45.43,"474,115,000"
,"Oct 12, 2023",46.78,47.61,46.33,46.94,46.92,"481,325,000"
,"Oct 11, 2023",46.2,46.86,46.05,46.81,46.78,"378,137,000"
,"Oct 10, 2023",45.31,46.26,45.09,45.8,45.77,"368,582,000"
,"Oct 9, 2023",44.84,45.6,44.37,45.27,45.25,"409,675,000"
,"Oct 6, 2023",44.19,45.79,44.03,45.76,45.74,"434,436,000"
,"Oct 5, 2023",44.05,44.9,43.89,44.69,44.66,"393,483,000"
,"Oct 4, 2023",43.74,44.14,43.29,44.04,44.02,"361,821,000"
,"Oct 3, 2023",44.81,45.13,43.25,43.52,43.49,"470,850,000"
,"Oct 2, 2023",44.03,45.17,43.86,44.78,44.76,"433,298,000"
,"Sep 29, 2023",43.83,44.14,43.31,43.5,43.47,"397,830,000"
,"Sep 28, 2023",42.46,43.45,42.12,43.09,43.06,"424,663,000"
,"Sep 27, 2023",42.33,42.87,41.63,42.47,42.44,"444,935,000"
,"Sep 26, 2023",42,42.82,41.65,41.91,41.89,"402,282,000"
,"Sep 25, 2023",41.59,42.54,41.18,42.22,42.2,"419,091,000"
,"Sep 22, 2023",41.57,42.12,41.23,41.61,41.59,"479,236,000"
,"Sep 21, 2023",41.58,42.1,40.98,41.02,40.99,"450,736,000"
,"Sep 20, 2023",43.6,43.9,42.22,42.24,42.21,"367,108,000"
,"Sep 19, 2023",43.83,43.97,43,43.52,43.49,"373,064,000"
,"Sep 18, 2023",42.75,44.24,42,43.97,43.94,"500,271,000"
,"Sep 15, 2023",45.34,45.6,43.81,43.9,43.87,"506,831,000"
,"Sep 14, 2023",45.95,45.99,45.13,45.58,45.55,"370,097,000"
,"Sep 13, 2023",44.6,45.93,44.5,45.49,45.46,"398,355,000"
,"Sep 12, 2023",44.74,45.67,44.53,44.87,44.84,"349,256,000"
,"Sep 11, 2023",46.15,46.16,44.31,45.18,45.15,"473,966,000"
,"Sep 8, 2023",45.94,46.61,45.27,45.57,45.55,"473,069,000"
,"Sep 7, 2023",45.53,46.34,45.15,46.24,46.21,"433,330,000"
,"Sep 6, 2023",,,,,,
,"Sep 6, 2023",48.44,48.55,46.58,47.06,47.03,"468,670,000"
,"Sep 5, 2023",48.22,48.85,47.86,48.55,48.52,"382,653,000"
,"Sep 1, 2023",49.76,49.8,48.14,48.51,48.48,"463,830,000"
,"Aug 31, 2023",49.38,49.74,48.96,49.35,49.32,"528,570,000"
,"Aug 30, 2023",49.04,49.93,48.42,49.26,49.23,"735,206,000"
,"Aug 29, 2023",46.67,49.08,46.39,48.78,48.75,"701,397,000"
,"Aug 28, 2023",46.48,46.98,44.89,46.83,46.8,"685,192,000"
,"Aug 25, 2023",47.01,47.81,45.02,46.02,45.99,"925,341,000"
,"Aug 24, 2023",50.22,50.27,47.16,47.16,47.13,"1,156,044,000"
,"Aug 23, 2023",45.87,47.2,45.21,47.12,47.08,"779,046,000"
,"Aug 22, 2023",48.13,48.19,45.33,45.67,45.64,"755,293,000"
,"Aug 21, 2023",44.49,47.06,44.22,46.97,46.94,"692,573,000"
,"Aug 18, 2023",42.63,43.58,41.66,43.3,43.27,"583,768,000"
,"Aug 17, 2023",43.97,44.06,43,43.34,43.31,"452,395,000"
,"Aug 16, 2023",44.52,44.67,43.41,43.49,43.46,"527,451,000"
,"Aug 15, 2023",44.56,45.27,43.71,43.94,43.91,"676,512,000"
,"Aug 14, 2023",40.49,43.8,40.31,43.75,43.72,"690,286,000"
,"Aug 11, 2023",41.75,42.02,40.64,40.85,40.83,"533,085,000"
,"Aug 10, 2023",42.16,43.57,41.83,42.39,42.36,"492,705,000"
,"Aug 9, 2023",44.27,44.31,42.13,42.55,42.53,"586,449,000"
,"Aug 8, 2023",44.85,45.24,44.06,44.66,44.63,"353,843,000"
,"Aug 7, 2023",45.11,45.54,44.56,45.42,45.39,"322,154,000"
,"Aug 4, 2023",44.99,45.64,44.39,44.68,44.65,"362,666,000"
,"Aug 3, 2023",43.8,45.12,43.8,44.51,44.49,"324,176,000"
,"Aug 2, 2023",45.83,45.84,43.39,44.27,44.24,"530,142,000"
,"Aug 1, 2023",46.46,46.9,46.03,46.51,46.48,"237,858,000"
,"Jul 31, 2023",46.75,47.13,46.51,46.73,46.7,"251,055,000"
,"Jul 28, 2023",46.67,47.03,46.38,46.75,46.72,"331,194,000"
,"Jul 27, 2023",46.52,47.4,45.75,45.9,45.87,"455,976,000"
,"Jul 26, 2023",46.02,46.05,44.63,45.45,45.42,"364,237,000"
,"Jul 25, 2023",44.94,46.18,44.92,45.68,45.65,"348,081,000"
,"Jul 24, 2023",44.73,45.11,44.04,44.61,44.58,"382,516,000"
,"Jul 21, 2023",45.79,45.87,44.1,44.31,44.28,"963,769,000"
,"Jul 20, 2023",46.51,47.09,45.06,45.52,45.49,"537,865,000"
,"Jul 19, 2023",47.46,47.82,46.74,47.08,47.05,"427,502,000"
,"Jul 18, 2023",46.7,47.9,45.73,47.49,47.46,"569,164,000"
,"Jul 17, 2023",46.29,46.5,45.26,46.46,46.43,"510,488,000"
,"Jul 14, 2023",46.58,48.09,45.06,45.47,45.44,"772,075,000"
,"Jul 13, 2023",44.52,46.15,44.49,45.98,45.95,"478,204,000"
,"Jul 12, 2023",43.03,43.94,42.78,43.9,43.87,"481,277,000"
,"Jul 11, 2023",42.48,42.76,42.07,42.4,42.38,"298,244,000"
,"Jul 10, 2023",42.66,42.81,41.65,42.18,42.15,"353,908,000"
,"Jul 7, 2023",42.32,43.21,42.18,42.5,42.47,"355,881,000"
,"Jul 6, 2023",41.84,42.18,41.35,42.1,42.07,"303,582,000"
,"Jul 5, 2023",42.13,43.18,42.08,42.32,42.29,"323,618,000"
,"Jul 3, 2023",42.52,42.9,42.2,42.41,42.38,"198,209,000"
,"Jun 30, 2023",41.68,42.55,41.5,42.3,42.27,"501,148,000"
,"Jun 29, 2023",41.56,41.6,40.6,40.82,40.79,"380,514,000"
,"Jun 28, 2023",40.66,41.85,40.52,41.12,41.09,"582,639,000"
,"Jun 27, 2023",40.8,41.94,40.45,41.88,41.85,"462,175,000"
,"Jun 26, 2023",42.46,42.76,40.1,40.63,40.6,"594,322,000"
,"Jun 23, 2023",42.46,42.81,42.01,42.21,42.18,"358,140,000"
,"Jun 22, 2023",42.25,43.43,42.23,43.03,43,"417,737,000"
,"Jun 21, 2023",43.5,43.62,42.08,43.04,43.02,"551,603,000"
,"Jun 20, 2023",43,43.99,42.67,43.81,43.78,"451,153,000"
,"Jun 16, 2023",43.45,43.72,42.66,42.69,42.66,"655,709,000"
,"Jun 15, 2023",42.6,43.29,42.15,42.65,42.62,"568,622,000"
,"Jun 14, 2023",40.82,43,40.55,43,42.97,"740,465,000"
,"Jun 13, 2023",40.19,41.1,39.74,41.02,40.99,"613,208,000"
,"Jun 12, 2023",39.2,39.53,38.62,39.48,39.46,"388,701,000"
,"Jun 9, 2023",39.04,39.71,38.57,38.77,38.74,"427,717,000"
,"Jun 8, 2023",37.72,38.86,37.51,38.51,38.48,"417,772,000"
,"Jun 7, 2023",,,,,,
,"Jun 7, 2023",38.92,39.5,37.36,37.47,37.45,"511,998,000"
,"Jun 6, 2023",38.83,39.16,38.15,38.65,38.62,"388,729,000"
,"Jun 5, 2023",38.91,39.56,38.71,39.17,39.14,"396,094,000"
,"Jun 2, 2023",40.1,40.5,39.06,39.33,39.3,"482,731,000"
,"Jun 1, 2023",38.49,40.05,38.34,39.77,39.74,"635,873,000"
,"May 31, 2023",39.49,40.29,37.82,37.83,37.8,"1,002,580,000"
,"May 30, 2023",40.6,41.94,39.95,40.11,40.08,"923,401,000"
,"May 26, 2023",37.89,39.17,37.55,38.95,38.92,"714,397,000"
,"May 25, 2023",38.52,39.48,36.63,37.98,37.95,"1,543,911,000"
,"May 24, 2023",30.21,30.61,29.81,30.54,30.51,"721,419,000"
,"May 23, 2023",31,31.29,30.63,30.69,30.66,"356,253,000"
,"May 22, 2023",30.9,31.52,30.68,31.18,31.15,"372,000,000"
,"May 19, 2023",31.54,31.58,30.92,31.26,31.24,"473,908,000"
,"May 18, 2023",30.41,31.83,30.32,31.68,31.65,"748,725,000"
,"May 17, 2023",29.58,30.2,29.43,30.18,30.15,"432,535,000"
,"May 16, 2023",28.84,29.87,28.83,29.21,29.19,"449,405,000"
,"May 15, 2023",28.51,28.97,28.15,28.95,28.93,"293,926,000"
,"May 12, 2023",28.53,28.78,28.05,28.34,28.32,"274,222,000"
,"May 11, 2023",28.9,28.95,28.25,28.58,28.56,"322,149,000"
,"May 10, 2023",29,29.11,28.46,28.89,28.86,"369,350,000"
,"May 9, 2023",28.9,28.97,28.45,28.57,28.55,"314,869,000"
,"May 8, 2023",28.52,29.22,28.35,29.15,29.13,"344,979,000"
,"May 5, 2023",27.83,28.75,27.73,28.68,28.66,"361,494,000"
,"May 4, 2023",27.65,27.86,27.24,27.56,27.54,"321,850,000"
,"May 3, 2023",27.84,28.37,27.47,27.8,27.78,"383,387,000"
,"May 2, 2023",28.68,28.84,28.08,28.21,28.19,"402,730,000"
,"May 1, 2023",27.84,29.06,27.78,28.91,28.89,"570,329,000"
,"Apr 28, 2023",27.23,27.76,27.07,27.75,27.73,"292,216,000"
,"Apr 27, 2023",27.36,27.5,26.63,27.23,27.2,"377,161,000"
,"Apr 26, 2023",27,27.33,26.7,26.96,26.94,"406,337,000"
,"Apr 25, 2023",27.08,27.25,26.23,26.24,26.22,"378,527,000"
,"Apr 24, 2023",27.01,27.37,26.67,27.04,27.02,"339,282,000"
,"Apr 21, 2023",26.95,27.18,26.72,27.12,27.1,"345,103,000"
,"Apr 20, 2023",27.67,28.03,27,27.1,27.08,"427,713,000"
,"Apr 19, 2023",27.36,28,27.23,27.93,27.91,"358,660,000"
,"Apr 18, 2023",27.53,28.11,27.36,27.67,27.65,"604,812,000"
,"Apr 17, 2023",26.57,27.01,26.43,27,26.98,"321,471,000"
,"Apr 14, 2023",26.5,26.88,26.22,26.76,26.74,"395,660,000"
,"Apr 13, 2023",26.73,26.89,26.33,26.46,26.44,"353,615,000"
,"Apr 12, 2023",27.37,27.47,26.45,26.5,26.47,"446,259,000"
,"Apr 11, 2023",27.72,27.79,27.13,27.17,27.15,"314,378,000"
,"Apr 10, 2023",26.82,27.62,26.67,27.58,27.56,"395,279,000"
,"Apr 6, 2023",26.58,27.08,26.43,27.04,27.02,"397,654,000"
,"Apr 5, 2023",26.83,27,26.4,26.88,26.86,"515,015,000"
,"Apr 4, 2023",27.97,28,27.31,27.45,27.43,"368,592,000"
,"Apr 3, 2023",27.51,28,27.34,27.97,27.94,"398,716,000"
,"Mar 31, 2023",27.14,27.83,27.1,27.78,27.76,"433,933,000"
,"Mar 30, 2023",27.23,27.5,27.1,27.38,27.36,"364,516,000"
,"Mar 29, 2023",26.83,27.08,26.6,26.98,26.96,"393,694,000"
,"Mar 28, 2023",26.45,26.51,25.85,26.41,26.39,"356,104,000"
,"Mar 27, 2023",26.84,27,26.36,26.53,26.51,"361,026,000"
,"Mar 24, 2023",27.03,27.17,26.35,26.78,26.76,"454,920,000"
,"Mar 23, 2023",27.11,27.5,26.69,27.19,27.17,"564,889,000"
,"Mar 22, 2023",26.42,27.59,26.24,26.47,26.45,"797,295,000"
,"Mar 21, 2023",26.18,26.39,25.38,26.2,26.18,"547,408,000"
,"Mar 20, 2023",25.61,26.02,25.13,25.9,25.88,"432,747,000"
,"Mar 17, 2023",25.98,26.4,25.67,25.73,25.71,"848,547,000"
,"Mar 16, 2023",24.03,25.59,23.89,25.54,25.52,"583,253,000"
,"Mar 15, 2023",23.76,24.29,23.36,24.23,24.21,"524,486,000"
,"Mar 14, 2023",23.5,24.22,23.46,24.06,24.04,"474,910,000"
,"Mar 13, 2023",22.75,23.3,22.3,22.97,22.95,"421,890,000"
,"Mar 10, 2023",23.41,23.63,22.73,22.97,22.95,"474,866,000"
,"Mar 9, 2023",24.17,24.45,23.38,23.44,23.42,"501,257,000"
,"Mar 8, 2023",23.49,24.2,23.42,24.18,24.16,"513,573,000"
,"Mar 7, 2023",,,,,,
,"Mar 7, 2023",23.6,24.13,23.24,23.29,23.27,"515,154,000"
,"Mar 6, 2023",23.89,24.25,23.49,23.55,23.53,"437,429,000"
,"Mar 3, 2023",23.32,23.9,23.13,23.89,23.87,"412,393,000"
,"Mar 2, 2023",22.49,23.38,22.43,23.31,23.29,"389,415,000"
,"Mar 1, 2023",23.19,23.26,22.51,22.7,22.68,"460,026,000"
,"Feb 28, 2023",23.37,23.83,23.21,23.22,23.19,"455,963,000"
,"Feb 27, 2023",23.67,23.88,23.45,23.5,23.48,"452,994,000"
,"Feb 24, 2023",23.23,23.47,22.95,23.29,23.26,"589,716,000"
,"Feb 23, 2023",23.44,23.89,23.02,23.66,23.64,"1,117,995,000"
,"Feb 22, 2023",20.71,21.1,20.42,20.75,20.73,"513,184,000"
,"Feb 21, 2023",21,21.49,20.62,20.66,20.64,"410,015,000"
,"Feb 17, 2023",21.63,21.74,20.98,21.39,21.37,"465,888,000"
,"Feb 16, 2023",22.13,22.55,21.93,22,21.98,"412,026,000"
,"Feb 15, 2023",22.55,22.85,22.11,22.76,22.74,"420,575,000"
,"Feb 14, 2023",21.58,23.05,21.37,22.97,22.95,"675,474,000"
,"Feb 13, 2023",21.54,22.05,20.96,21.79,21.77,"474,919,000"
,"Feb 10, 2023",21.69,22.08,20.81,21.26,21.24,"550,737,000"
,"Feb 9, 2023",22.61,23.02,22.12,22.34,22.32,"523,876,000"
,"Feb 8, 2023",22.39,22.88,22.01,22.2,22.18,"559,651,000"
,"Feb 7, 2023",21.38,22.26,21.15,22.17,22.15,"664,150,000"
,"Feb 6, 2023",20.81,21.57,20.79,21.09,21.07,"452,197,000"
,"Feb 3, 2023",21,21.75,20.79,21.1,21.08,"429,366,000"
,"Feb 2, 2023",21,21.95,20.7,21.71,21.69,"564,276,000"
,"Feb 1, 2023",19.69,21.19,19.61,20.94,20.92,"660,477,000"
,"Jan 31, 2023",19.17,19.69,18.95,19.54,19.52,"498,017,000"
,"Jan 30, 2023",19.95,20.14,19.15,19.16,19.14,"488,611,000"
,"Jan 27, 2023",19.46,20.63,19.41,20.36,20.35,"542,142,000"
,"Jan 26, 2023",19.7,20.17,19.28,19.8,19.78,"489,535,000"
,"Jan 25, 2023",18.91,19.37,18.58,19.32,19.3,"449,537,000"
,"Jan 24, 2023",18.83,19.5,18.82,19.26,19.25,"496,204,000"
,"Jan 23, 2023",18.06,19.25,17.82,19.19,19.17,"655,163,000"
,"Jan 20, 2023",17.01,17.86,16.83,17.84,17.82,"564,967,000"
,"Jan 19, 2023",17.04,17.2,16.73,16.76,16.75,"452,932,000"
,"Jan 18, 2023",17.67,17.87,17.28,17.38,17.36,"439,624,000"
,"Jan 17, 2023",16.9,17.73,16.9,17.7,17.69,"511,102,000"
,"Jan 13, 2023",16.28,16.92,16.17,16.9,16.88,"447,287,000"
,"Jan 12, 2023",16.1,16.64,15.49,16.51,16.5,"551,409,000"
,"Jan 11, 2023",15.84,16.03,15.56,16,15.99,"353,285,000"
,"Jan 10, 2023",15.51,15.96,15.47,15.91,15.89,"384,101,000"
,"Jan 9, 2023",15.28,16.06,15.14,15.63,15.61,"504,231,000"
,"Jan 6, 2023",14.47,15.01,14.03,14.86,14.84,"405,044,000"
,"Jan 5, 2023",14.49,14.56,14.15,14.27,14.25,"389,168,000"
,"Jan 4, 2023",14.57,14.85,14.24,14.75,14.74,"431,324,000"
,"Jan 3, 2023",14.85,15,14.1,14.31,14.3,"401,277,000"
,"Dec 30, 2022",14.33,14.63,14.23,14.61,14.6,"310,490,000"
,"Dec 29, 2022",14.4,14.68,14.23,14.6,14.59,"354,923,000"
,"Dec 28, 2022",13.93,14.26,13.88,14.04,14.02,"351,066,000"
,"Dec 27, 2022",15.07,15.1,14.06,14.12,14.11,"464,902,000"
,"Dec 23, 2022",15.2,15.34,14.88,15.21,15.19,"349,326,000"
,"Dec 22, 2022",16.09,16.14,14.88,15.34,15.32,"565,045,000"
,"Dec 21, 2022",16.11,16.63,16.1,16.5,16.49,"325,025,000"
,"Dec 20, 2022",16.06,16.31,15.85,16.08,16.07,"403,260,000"
,"Dec 19, 2022",16.57,16.61,16.15,16.25,16.24,"354,039,000"
,"Dec 16, 2022",16.86,17.04,16.41,16.57,16.56,"478,232,000"
,"Dec 15, 2022",17.15,17.32,16.7,16.95,16.94,"478,542,000"
,"Dec 14, 2022",17.99,18.25,17.42,17.67,17.66,"496,888,000"
,"Dec 13, 2022",18.53,18.79,17.71,18.07,18.05,"656,589,000"
,"Dec 12, 2022",17.04,17.54,16.8,17.53,17.52,"457,328,000"
,"Dec 9, 2022",17.16,17.58,16.98,17,16.98,"465,338,000"
,"Dec 8, 2022",16.27,17.18,15.96,17.17,17.15,"515,456,000"
,"Dec 7, 2022",15.77,16.19,15.67,16.12,16.1,"372,388,000"
,"Dec 6, 2022",16.53,16.57,15.82,15.99,15.97,"352,694,000"
,"Dec 5, 2022",16.68,17,16.47,16.61,16.59,"352,255,000"
,"Dec 2, 2022",16.66,16.93,16.44,16.88,16.86,"371,389,000"
,"Dec 1, 2022",17,17.26,16.64,17.14,17.12,"470,977,000"
,"Nov 30, 2022",,,,,,
,"Nov 30, 2022",15.7,16.93,15.6,16.92,16.91,"565,298,000"
,"Nov 29, 2022",15.83,15.93,15.52,15.64,15.62,"298,384,000"
,"Nov 28, 2022",16.03,16.36,15.73,15.83,15.81,"303,741,000"
,"Nov 25, 2022",16.32,16.49,16.17,16.27,16.25,"167,934,000"
,"Nov 23, 2022",16.1,16.53,16.05,16.52,16.5,"427,241,000"
,"Nov 22, 2022",15.33,16.06,15.12,16.04,16.02,"472,866,000"
,"Nov 21, 2022",15.15,15.48,15.08,15.32,15.3,"404,739,000"
,"Nov 18, 2022",15.97,16,15.12,15.41,15.39,"492,072,000"
,"Nov 17, 2022",15.72,16.27,15.53,15.68,15.66,"710,894,000"
,"Nov 16, 2022",16.16,16.36,15.87,15.91,15.89,"649,547,000"
,"Nov 15, 2022",16.72,17,16.38,16.67,16.65,"545,876,000"
,"Nov 14, 2022",16.22,16.54,15.92,16.3,16.28,"527,852,000"
,"Nov 11, 2022",15.81,16.39,15.48,16.33,16.31,"655,487,000"
,"Nov 10, 2022",14.8,15.77,14.55,15.75,15.73,"700,819,000"
,"Nov 9, 2022",14.16,14.21,13.76,13.78,13.76,"454,414,000"
,"Nov 8, 2022",14.8,14.89,14.22,14.6,14.58,"595,292,000"
,"Nov 7, 2022",14.23,14.41,13.95,14.3,14.28,"410,061,000"
,"Nov 4, 2022",13.99,14.23,13.7,14.16,14.14,"612,576,000"
,"Nov 3, 2022",13.04,13.78,12.96,13.42,13.4,"500,065,000"
,"Nov 2, 2022",13.85,14.21,13.21,13.22,13.2,"672,628,000"
,"Nov 1, 2022",13.81,13.93,13.52,13.54,13.53,"432,817,000"
,"Oct 31, 2022",13.78,13.84,13.3,13.5,13.48,"486,341,000"
,"Oct 28, 2022",13.1,13.85,13.06,13.83,13.82,"521,040,000"
,"Oct 27, 2022",13.63,13.84,13.12,13.18,13.16,"583,113,000"
,"Oct 26, 2022",12.87,13.39,12.71,12.9,12.88,"532,953,000"
,"Oct 25, 2022",12.69,13.3,12.66,13.26,13.25,"505,482,000"
,"Oct 24, 2022",12.51,12.71,12.06,12.6,12.58,"517,457,000"
,"Oct 21, 2022",12.1,12.5,11.89,12.47,12.45,"609,494,000"
,"Oct 20, 2022",12.11,12.77,12.1,12.19,12.18,"652,398,000"
,"Oct 19, 2022",11.88,12.35,11.83,12.05,12.04,"523,131,000"
,"Oct 18, 2022",12.34,12.49,11.62,11.97,11.95,"659,362,000"
,"Oct 17, 2022",11.52,11.95,11.52,11.89,11.87,"580,774,000"
,"Oct 14, 2022",12.06,12.11,11.2,11.23,11.21,"713,432,000"
,"Oct 13, 2022",10.97,12.08,10.81,11.96,11.95,"850,103,000"
,"Oct 12, 2022",11.58,11.73,11.35,11.5,11.49,"492,590,000"
,"Oct 11, 2022",11.56,11.85,11.28,11.59,11.57,"667,482,000"
,"Oct 10, 2022",12.04,12.12,11.41,11.67,11.66,"698,699,000"
,"Oct 7, 2022",12.51,12.67,12.02,12.08,12.06,"672,478,000"
,"Oct 6, 2022",13.22,13.66,13.1,13.13,13.11,"644,157,000"
,"Oct 5, 2022",12.91,13.32,12.62,13.21,13.19,"507,131,000"
,"Oct 4, 2022",12.88,13.22,12.88,13.17,13.15,"584,182,000"
,"Oct 3, 2022",12.35,12.68,12.1,12.51,12.5,"547,478,000"
,"Sep 30, 2022",12.09,12.63,12.07,12.14,12.12,"565,638,000"
,"Sep 29, 2022",12.45,12.5,11.95,12.22,12.21,"532,763,000"
,"Sep 28, 2022",12.41,12.82,12.35,12.74,12.72,"542,414,000"
,"Sep 27, 2022",12.51,12.74,12.26,12.41,12.4,"553,854,000"
,"Sep 26, 2022",12.49,12.66,12.21,12.23,12.21,"547,343,000"
,"Sep 23, 2022",12.42,12.61,12.26,12.52,12.5,"663,309,000"
,"Sep 22, 2022",13.07,13.15,12.43,12.56,12.55,"759,162,000"
,"Sep 21, 2022",13.21,14.03,13.11,13.26,13.25,"807,679,000"
,"Sep 20, 2022",13.22,13.48,13.06,13.18,13.16,"524,818,000"
,"Sep 19, 2022",13.01,13.46,13.01,13.38,13.37,"569,685,000"
,"Sep 16, 2022",12.74,13.21,12.62,13.2,13.18,"670,751,000"
,"Sep 15, 2022",13.02,13.23,12.79,12.93,12.91,"523,625,000"
,"Sep 14, 2022",13.25,13.29,12.91,13.13,13.11,"588,507,000"
,"Sep 13, 2022",13.8,13.92,13.1,13.13,13.12,"714,956,000"
,"Sep 12, 2022",14.37,14.55,14.2,14.51,14.49,"484,159,000"
,"Sep 9, 2022",14.16,14.47,14.13,14.39,14.37,"486,612,000"
,"Sep 8, 2022",13.46,14.01,13.37,13.99,13.97,"624,873,000"
,"Sep 7, 2022",,,,,,
,"Sep 7, 2022",13.56,13.84,13.35,13.71,13.7,"512,657,000"
,"Sep 6, 2022",13.73,13.78,13.35,13.47,13.44,"535,751,000"
,"Sep 2, 2022",14.1,14.17,13.59,13.65,13.63,"743,157,000"
,"Sep 1, 2022",14.21,14.38,13.27,13.94,13.92,"1,178,865,000"
,"Aug 31, 2022",15.38,15.54,14.96,15.09,15.07,"573,710,000"
,"Aug 30, 2022",15.96,16.04,15.18,15.47,15.44,"530,181,000"
,"Aug 29, 2022",16.02,16.34,15.77,15.8,15.78,"496,132,000"
,"Aug 26, 2022",17.86,17.92,16.24,16.26,16.24,"769,127,000"
,"Aug 25, 2022",16.84,17.95,16.83,17.91,17.89,"770,691,000"
,"Aug 24, 2022",17.01,17.41,16.9,17.22,17.2,"522,661,000"
,"Aug 23, 2022",16.99,17.47,16.97,17.18,17.16,"369,986,000"
,"Aug 22, 2022",17.49,17.56,16.97,17.03,17.01,"409,593,000"
,"Aug 19, 2022",18.41,18.52,17.77,17.85,17.82,"441,588,000"
,"Aug 18, 2022",18.3,18.86,18.18,18.77,18.74,"415,447,000"
,"Aug 17, 2022",18.52,18.69,18.15,18.33,18.31,"446,799,000"
,"Aug 16, 2022",18.92,19.14,18.5,18.88,18.85,"451,240,000"
,"Aug 15, 2022",18.7,19.16,18.61,19.03,19,"457,666,000"
,"Aug 12, 2022",18.16,18.72,17.95,18.71,18.68,"478,094,000"
,"Aug 11, 2022",18.13,18.71,17.88,17.94,17.92,"509,327,000"
,"Aug 10, 2022",17.7,18.12,17.32,18.1,18.07,"597,422,000"
,"Aug 9, 2022",17.25,17.45,16.72,17.09,17.06,"668,263,000"
,"Aug 8, 2022",17.5,18.24,17.24,17.79,17.77,"981,859,000"
,"Aug 5, 2022",18.81,19.23,18.67,18.99,18.96,"386,068,000"
,"Aug 4, 2022",18.85,19.27,18.76,19.22,19.19,"409,652,000"
,"Aug 3, 2022",18.18,18.97,18.14,18.89,18.86,"418,146,000"
,"Aug 2, 2022",18.12,18.94,18.09,18.53,18.5,"489,527,000"
,"Aug 1, 2022",18.18,18.85,17.99,18.44,18.41,"476,469,000"
,"Jul 29, 2022",17.81,18.24,17.69,18.16,18.14,"435,460,000"
,"Jul 28, 2022",17.98,18.14,17.44,17.98,17.96,"474,646,000"
,"Jul 27, 2022",17.03,17.94,16.91,17.79,17.76,"569,776,000"
,"Jul 26, 2022",16.89,16.92,16.48,16.53,16.51,"397,865,000"
,"Jul 25, 2022",17.02,17.12,16.65,17.02,17,"480,748,000"
,"Jul 22, 2022",17.89,17.97,17.14,17.32,17.29,"536,671,000"
,"Jul 21, 2022",17.89,18.14,17.55,18.05,18.02,"557,049,000"
,"Jul 20, 2022",16.95,17.93,16.8,17.81,17.78,"760,538,000"
,"Jul 19, 2022",16.49,17.11,16.17,16.99,16.97,"702,366,000"
,"Jul 18, 2022",16.3,16.9,16,16.1,16.08,"670,517,000"
,"Jul 15, 2022",15.66,15.78,15.44,15.76,15.74,"385,935,000"
,"Jul 14, 2022",15.11,15.47,14.73,15.37,15.35,"456,235,000"
,"Jul 13, 2022",14.59,15.38,14.47,15.16,15.14,"521,918,000"
,"Jul 12, 2022",15.27,15.43,14.88,15.08,15.06,"458,483,000"
,"Jul 11, 2022",15.53,15.53,15.04,15.15,15.13,"437,321,000"
,"Jul 8, 2022",15.43,16.04,15.39,15.84,15.81,"467,972,000"
,"Jul 7, 2022",15.46,15.94,15.39,15.86,15.83,"492,903,000"
,"Jul 6, 2022",15.01,15.32,14.79,15.13,15.11,"529,066,000"
,"Jul 5, 2022",14.18,14.97,14.06,14.96,14.94,"651,397,000"
,"Jul 1, 2022",14.9,15.06,14.39,14.52,14.5,"577,610,000"
,"Jun 30, 2022",15.36,15.57,14.86,15.16,15.14,"686,070,000"
,"Jun 29, 2022",15.81,15.82,15.17,15.54,15.52,"482,352,000"
,"Jun 28, 2022",16.9,17.2,15.94,15.98,15.96,"461,149,000"
,"Jun 27, 2022",17.31,17.33,16.63,16.87,16.84,"427,968,000"
,"Jun 24, 2022",16.5,17.14,16.31,17.13,17.1,"472,153,000"
,"Jun 23, 2022",16.52,16.58,15.85,16.23,16.2,"463,680,000"
,"Jun 22, 2022",16.23,16.66,16.18,16.36,16.34,"437,135,000"
,"Jun 21, 2022",16.48,17.01,16.41,16.57,16.54,"483,089,000"
,"Jun 17, 2022",15.65,15.99,15.33,15.88,15.86,"630,334,000"
,"Jun 16, 2022",15.86,15.94,15.4,15.6,15.58,"545,749,000"
,"Jun 15, 2022",16.09,16.87,15.93,16.53,16.5,"563,936,000"
,"Jun 14, 2022",15.73,16.07,15.41,15.84,15.81,"469,680,000"
,"Jun 13, 2022",16,16.31,15.61,15.65,15.62,"604,153,000"
,"Jun 10, 2022",17.6,17.7,16.87,16.97,16.95,"465,248,000"
,"Jun 9, 2022",18.48,18.93,18.04,18.05,18.02,"395,574,000"
,"Jun 8, 2022",,,,,,
,"Jun 8, 2022",18.8,19.18,18.53,18.65,18.62,"363,252,000"
,"Jun 7, 2022",18.47,19,18.19,18.93,18.89,"388,914,000"
,"Jun 6, 2022",19.14,19.34,18.56,18.79,18.75,"422,406,000"
,"Jun 3, 2022",19.08,19.33,18.52,18.72,18.69,"598,779,000"
,"Jun 2, 2022",18.29,19.62,18.2,19.59,19.56,"648,656,000"
,"Jun 1, 2022",18.72,19.05,18.12,18.32,18.29,"544,514,000"
,"May 31, 2022",18.98,19.2,18.35,18.67,18.64,"664,100,000"
,"May 27, 2022",18.19,18.88,18.1,18.81,18.78,"738,379,000"
,"May 26, 2022",16.04,18.09,16.02,17.85,17.82,"996,575,000"
,"May 25, 2022",16.02,17.11,16,16.98,16.95,"781,132,000"
,"May 24, 2022",16.51,16.6,15.78,16.15,16.13,"588,550,000"
,"May 23, 2022",16.27,16.92,16.18,16.9,16.87,"639,889,000"
,"May 20, 2022",17.33,17.41,15.76,16.69,16.67,"739,105,000"
,"May 19, 2022",16.94,17.69,16.73,17.12,17.09,"621,310,000"
,"May 18, 2022",17.7,18.12,16.86,16.94,16.91,"545,161,000"
,"May 17, 2022",18.07,18.37,17.63,18.18,18.15,"585,830,000"
,"May 16, 2022",17.51,17.79,17.11,17.26,17.23,"521,446,000"
,"May 13, 2022",16.79,17.93,16.59,17.71,17.68,"670,437,000"
,"May 12, 2022",16.22,16.79,15.57,16.17,16.15,"708,728,000"
,"May 11, 2022",17.35,17.75,16.57,16.63,16.6,"670,167,000"
,"May 10, 2022",17.69,18.2,17.02,17.59,17.56,"761,474,000"
,"May 9, 2022",18.03,18.25,16.83,16.95,16.92,"644,455,000"
,"May 6, 2022",18.74,19.51,17.99,18.67,18.64,"633,297,000"
,"May 5, 2022",19.87,19.92,18.5,18.84,18.81,"626,331,000"
,"May 4, 2022",19.92,20.4,18.75,20.33,20.3,"648,855,000"
,"May 3, 2022",19.4,19.83,19.13,19.6,19.57,"475,751,000"
,"May 2, 2022",18.54,19.57,18.39,19.53,19.5,"572,049,000"
,"Apr 29, 2022",19.4,20.13,18.52,18.55,18.52,"500,435,000"
,"Apr 28, 2022",18.97,20.04,18.49,19.78,19.75,"570,327,000"
,"Apr 27, 2022",18.6,19.17,18.29,18.42,18.38,"499,460,000"
,"Apr 26, 2022",19.72,19.79,18.67,18.79,18.76,"653,143,000"
,"Apr 25, 2022",19.2,19.94,19.1,19.9,19.87,"641,566,000"
,"Apr 22, 2022",20.3,20.49,19.5,19.51,19.48,"624,713,000"
,"Apr 21, 2022",21.71,22.39,20,20.18,20.15,"656,209,000"
,"Apr 20, 2022",22.52,22.67,21.2,21.48,21.45,"468,974,000"
,"Apr 19, 2022",21.72,22.37,21.31,22.2,22.16,"512,781,000"
,"Apr 18, 2022",21.2,22.09,21.08,21.78,21.75,"525,701,000"
,"Apr 14, 2022",22.5,22.78,21.16,21.26,21.22,"569,097,000"
,"Apr 13, 2022",21.73,22.5,21.45,22.2,22.17,"516,943,000"
,"Apr 12, 2022",22.54,22.73,21.28,21.5,21.47,"662,258,000"
,"Apr 11, 2022",22.21,22.32,21.66,21.92,21.88,"575,207,000"
,"Apr 8, 2022",23.92,23.92,23.06,23.12,23.08,"524,781,000"
,"Apr 7, 2022",24.44,24.72,23.48,24.21,24.17,"557,992,000"
,"Apr 6, 2022",24.93,25.3,24,24.41,24.37,"703,833,000"
,"Apr 5, 2022",27.25,27.32,25.82,25.93,25.89,"436,615,000"
,"Apr 4, 2022",26.73,27.56,26.61,27.36,27.31,"397,120,000"
,"Apr 1, 2022",27.38,27.5,26.27,26.71,26.67,"517,235,000"
,"Mar 31, 2022",27.78,28.25,27.27,27.29,27.24,"523,440,000"
,"Mar 30, 2022",28.3,28.5,27.5,27.69,27.64,"463,487,000"
,"Mar 29, 2022",28.69,28.95,27.98,28.66,28.61,"488,984,000"
,"Mar 28, 2022",27.76,28.25,27.21,28.22,28.17,"425,494,000"
,"Mar 25, 2022",27.89,28.36,27.27,27.69,27.64,"579,016,000"
,"Mar 24, 2022",26.17,28.32,25.91,28.15,28.1,"877,379,000"
,"Mar 23, 2022",26.13,26.61,25.58,25.63,25.59,"502,120,000"
,"Mar 22, 2022",26.73,27.24,26.07,26.52,26.48,"547,007,000"
,"Mar 21, 2022",26.51,27.15,25.97,26.73,26.69,"591,727,000"
,"Mar 18, 2022",24.8,26.57,24.62,26.45,26.41,"730,719,000"
,"Mar 17, 2022",24.12,24.84,23.91,24.77,24.72,"471,941,000"
,"Mar 16, 2022",23.5,24.6,23.17,24.5,24.45,"671,422,000"
,"Mar 15, 2022",21.52,23.04,21.32,22.97,22.93,"491,996,000"
,"Mar 14, 2022",21.87,22.26,21.16,21.33,21.29,"385,354,000"
,"Mar 11, 2022",23.02,23.15,22.05,22.1,22.06,"367,209,000"
,"Mar 10, 2022",22.53,22.79,21.88,22.66,22.62,"428,066,000"
,"Mar 9, 2022",22.39,23.22,22.25,23.01,22.97,"492,742,000"
,"Mar 8, 2022",21.31,22.37,20.65,21.51,21.48,"557,467,000"
,"Mar 7, 2022",22.82,23.03,21.33,21.35,21.32,"450,821,000"
,"Mar 4, 2022",23.38,23.68,22.48,22.94,22.9,"431,415,000"
,"Mar 3, 2022",24.26,24.33,23.47,23.71,23.67,"365,095,000"
,"Mar 2, 2022",,,,,,
,"Mar 2, 2022",23.76,24.41,23.42,24.22,24.18,"389,642,000"
,"Mar 1, 2022",24.29,24.38,23.13,23.48,23.43,"412,056,000"
,"Feb 28, 2022",23.99,24.67,23.71,24.39,24.34,"477,319,000"
,"Feb 25, 2022",23.72,24.22,23.38,24.16,24.11,"528,866,000"
,"Feb 24, 2022",21.01,23.8,20.89,23.75,23.7,"735,801,000"
,"Feb 23, 2022",23.8,24.16,22.3,22.39,22.34,"566,511,000"
,"Feb 22, 2022",23.03,24.06,23,23.39,23.35,"633,422,000"
,"Feb 18, 2022",24.67,24.99,23.1,23.64,23.6,"761,255,000"
,"Feb 17, 2022",25.63,25.78,24.17,24.51,24.46,"810,595,000"
,"Feb 16, 2022",26.26,26.58,25.55,26.51,26.46,"732,676,000"
,"Feb 15, 2022",24.95,26.55,24.78,26.5,26.45,"699,869,000"
,"Feb 14, 2022",23.93,24.88,23.75,24.27,24.22,"440,424,000"
,"Feb 11, 2022",25.92,26.15,23.77,23.95,23.9,"605,472,000"
,"Feb 10, 2022",26,26.92,25.6,25.82,25.78,"513,200,000"
,"Feb 9, 2022",25.62,26.73,25.35,26.7,26.65,"524,282,000"
,"Feb 8, 2022",24.36,25.23,23.98,25.11,25.06,"410,359,000"
,"Feb 7, 2022",24.37,25.18,24.2,24.73,24.68,"376,868,000"
,"Feb 4, 2022",23.97,24.64,23.63,24.32,24.27,"354,829,000"
,"Feb 3, 2022",24.46,25.08,23.78,23.95,23.9,"410,178,000"
,"Feb 2, 2022",25.79,25.82,24.55,25.24,25.19,"543,419,000"
,"Feb 1, 2022",25.1,25.15,23.89,24.64,24.59,"518,925,000"
,"Jan 31, 2022",23.18,24.51,23.05,24.49,24.44,"564,680,000"
,"Jan 28, 2022",22.01,22.86,21.3,22.84,22.8,"543,774,000"
,"Jan 27, 2022",23.57,24,21.67,21.94,21.9,"573,353,000"
,"Jan 26, 2022",23.24,24.06,22.3,22.77,22.73,"755,959,000"
,"Jan 25, 2022",22.55,22.94,22,22.32,22.28,"664,616,000"
,"Jan 24, 2022",22.33,23.38,20.89,23.37,23.33,"913,982,000"
,"Jan 21, 2022",23.51,24.82,23.26,23.37,23.33,"718,958,000"
,"Jan 20, 2022",25.3,25.58,24.08,24.15,24.1,"435,181,000"
,"Jan 19, 2022",26.08,26.54,25.05,25.07,25.02,"488,315,000"
,"Jan 18, 2022",26.26,26.64,25.77,25.9,25.85,"424,270,000"
,"Jan 14, 2022",26.3,27.2,26.21,26.94,26.89,"395,832,000"
,"Jan 13, 2022",28.38,28.48,26.5,26.58,26.53,"540,171,000"
,"Jan 12, 2022",28.07,28.59,27.61,28,27.95,"383,413,000"
,"Jan 11, 2022",27.32,28.07,26.84,27.82,27.76,"404,089,000"
,"Jan 10, 2022",26.58,27.47,25.64,27.4,27.35,"594,681,000"
,"Jan 7, 2022",28.14,28.42,27.06,27.25,27.2,"409,939,000"
,"Jan 6, 2022",27.64,28.44,27.07,28.18,28.13,"454,186,000"
,"Jan 5, 2022",28.95,29.42,27.53,27.6,27.55,"498,064,000"
,"Jan 4, 2022",30.28,30.47,28.35,29.29,29.24,"527,154,000"
,"Jan 3, 2022",29.82,30.71,29.78,30.12,30.06,"391,547,000"
,"Dec 31, 2021",29.67,30.03,29.33,29.41,29.36,"266,530,000"
,"Dec 30, 2021",29.83,30.46,29.54,29.59,29.53,"308,864,000"
,"Dec 29, 2021",30.27,30.55,29.37,30,29.94,"343,139,000"
,"Dec 28, 2021",31.31,31.33,30.01,30.32,30.27,"420,591,000"
,"Dec 27, 2021",29.66,31.09,29.64,30.94,30.89,"403,686,000"
,"Dec 23, 2021",29.75,30.06,29.43,29.64,29.58,"343,022,000"
,"Dec 22, 2021",28.89,29.56,28.45,29.4,29.34,"395,184,000"
,"Dec 21, 2021",28.37,29.12,27.4,29.08,29.02,"524,385,000"
,"Dec 20, 2021",27.31,28.14,27.15,27.72,27.67,"461,847,000"
,"Dec 17, 2021",27.99,28.92,27.76,27.8,27.75,"713,758,000"
,"Dec 16, 2021",31.15,31.16,28.09,28.39,28.33,"707,366,000"
,"Dec 15, 2021",28.4,30.5,27.84,30.46,30.4,"698,297,000"
,"Dec 14, 2021",27.7,28.68,27.25,28.34,28.28,"667,035,000"
,"Dec 13, 2021",30.25,30.29,28.12,28.16,28.11,"598,344,000"
,"Dec 10, 2021",31.15,31.31,29.86,30.2,30.14,"488,825,000"
,"Dec 9, 2021",31.73,32.21,30.43,30.49,30.43,"488,507,000"
,"Dec 8, 2021",32,32.29,31.42,31.83,31.77,"475,551,000"
,"Dec 7, 2021",30.96,32.45,30.65,32.43,32.37,"593,053,000"
,"Dec 6, 2021",29.88,30.24,28.04,30.04,29.98,"658,938,000"
,"Dec 3, 2021",32,32.13,30.13,30.69,30.64,"544,325,000"
,"Dec 2, 2021",31.21,32.48,31.02,32.13,32.07,"472,890,000"
,"Dec 1, 2021",,,,,,
,"Dec 1, 2021",33.22,33.29,31.38,31.43,31.38,"484,368,000"
,"Nov 30, 2021",33.17,33.35,31.86,32.68,32.61,"622,066,000"
,"Nov 29, 2021",32.37,33.41,32.04,33.38,33.31,"454,964,000"
,"Nov 26, 2021",32.6,32.71,31.35,31.5,31.44,"283,069,000"
,"Nov 24, 2021",31.46,32.85,30.93,32.67,32.61,"435,162,000"
,"Nov 23, 2021",31.53,32.36,30.88,31.75,31.68,"532,163,000"
,"Nov 22, 2021",33.52,34.65,31.9,31.96,31.89,"754,335,000"
,"Nov 19, 2021",32.24,33.09,31.91,32.99,32.92,"533,867,000"
,"Nov 18, 2021",32.37,32.76,31.32,31.67,31.61,"781,711,000"
,"Nov 17, 2021",30.42,30.51,28.8,29.26,29.2,"428,508,000"
,"Nov 16, 2021",29.76,30.39,29.71,30.2,30.14,"264,484,000"
,"Nov 15, 2021",30.55,30.64,29.25,30.02,29.96,"384,909,000"
,"Nov 12, 2021",30.01,30.68,29.63,30.39,30.33,"413,054,000"
,"Nov 11, 2021",30.47,30.59,29.78,30.39,30.33,"332,172,000"
,"Nov 10, 2021",29.36,30.85,28.78,29.46,29.4,"636,206,000"
,"Nov 9, 2021",32.28,32.31,29.96,30.66,30.6,"646,746,000"
,"Nov 8, 2021",30.15,31.1,29.91,30.8,30.74,"503,101,000"
,"Nov 5, 2021",30.19,31.4,29.41,29.75,29.69,"851,260,000"
,"Nov 4, 2021",27.23,31.36,27.12,29.8,29.74,"1,153,631,000"
,"Nov 3, 2021",26.67,26.78,26.24,26.6,26.54,"239,910,000"
,"Nov 2, 2021",25.82,26.68,25.8,26.4,26.35,"294,112,000"
,"Nov 1, 2021",25.65,25.89,25.23,25.83,25.78,"265,740,000"
,"Oct 29, 2021",25,25.71,25,25.57,25.52,"292,503,000"
,"Oct 28, 2021",24.88,24.95,24.52,24.94,24.89,"234,204,000"
,"Oct 27, 2021",24.47,25.09,24.28,24.45,24.4,"245,990,000"
,"Oct 26, 2021",23.99,25.26,23.92,24.72,24.67,"485,898,000"
,"Oct 25, 2021",22.97,23.35,22.77,23.17,23.12,"230,235,000"
,"Oct 22, 2021",22.82,23.13,22.56,22.73,22.68,"249,384,000"
,"Oct 21, 2021",22.1,22.71,22.08,22.69,22.65,"187,590,000"
,"Oct 20, 2021",22.31,22.43,21.98,22.1,22.06,"146,276,000"
,"Oct 19, 2021",22.28,22.38,22.04,22.29,22.25,"161,473,000"
,"Oct 18, 2021",21.75,22.29,21.64,22.22,22.18,"189,494,000"
,"Oct 15, 2021",21.81,21.93,21.66,21.86,21.82,"226,994,000"
,"Oct 14, 2021",21.29,21.75,21.12,21.75,21.7,"243,589,000"
,"Oct 13, 2021",20.92,20.99,20.71,20.94,20.9,"180,652,000"
,"Oct 12, 2021",20.83,21.06,20.53,20.67,20.63,"162,134,000"
,"Oct 11, 2021",20.58,21.06,20.51,20.69,20.65,"163,388,000"
,"Oct 8, 2021",21.1,21.21,20.77,20.83,20.79,"151,258,000"
,"Oct 7, 2021",21.09,21.32,20.97,21.08,21.03,"256,919,000"
,"Oct 6, 2021",20.12,20.72,20.08,20.7,20.66,"297,202,000"
,"Oct 5, 2021",19.95,20.65,19.85,20.45,20.41,"279,282,000"
,"Oct 4, 2021",20.5,20.54,19.56,19.73,19.69,"345,635,000"
,"Oct 1, 2021",20.75,20.86,20.2,20.74,20.7,"240,978,000"
,"Sep 30, 2021",20.77,21.07,20.69,20.72,20.67,"221,009,000"
,"Sep 29, 2021",20.94,21.02,20.47,20.52,20.48,"218,394,000"
,"Sep 28, 2021",21.21,21.42,20.65,20.7,20.66,"343,069,000"
,"Sep 27, 2021",21.71,21.8,21.33,21.66,21.62,"245,215,000"
,"Sep 24, 2021",22.07,22.15,21.86,22.08,22.04,"217,655,000"
,"Sep 23, 2021",22.14,22.53,21.89,22.48,22.44,"248,555,000"
,"Sep 22, 2021",21.37,21.96,21.2,21.94,21.9,"268,726,000"
,"Sep 21, 2021",21.42,21.42,20.95,21.25,21.2,"204,688,000"
,"Sep 20, 2021",21.15,21.43,20.66,21.11,21.07,"349,440,000"
,"Sep 17, 2021",22.3,22.32,21.83,21.9,21.86,"294,503,000"
,"Sep 16, 2021",22.18,22.28,21.93,22.24,22.2,"156,033,000"
,"Sep 15, 2021",22.31,22.37,21.97,22.34,22.3,"166,538,000"
,"Sep 14, 2021",22.27,22.41,22.09,22.24,22.2,"199,755,000"
,"Sep 13, 2021",22.68,22.96,21.86,22.15,22.11,"297,500,000"
,"Sep 10, 2021",22.35,22.63,22.27,22.48,22.43,"248,376,000"
,"Sep 9, 2021",22.31,22.54,22.13,22.18,22.13,"196,856,000"
,"Sep 8, 2021",22.51,22.61,21.98,22.34,22.29,"254,434,000"
,"Sep 7, 2021",22.83,22.9,22.52,22.66,22.62,"198,107,000"
,"Sep 3, 2021",22.33,22.99,22.2,22.84,22.8,"280,532,000"
,"Sep 2, 2021",22.52,22.59,22.3,22.4,22.35,"187,834,000"
,"Sep 1, 2021",22.49,22.7,22.36,22.44,22.4,"201,767,000"
,"Aug 31, 2021",,,,,,
,"Aug 31, 2021",22.69,22.69,22.12,22.39,22.34,"259,850,000"
,"Aug 30, 2021",22.83,23.04,22.55,22.69,22.64,"262,580,000"
,"Aug 27, 2021",22.18,22.72,22.17,22.64,22.59,"304,722,000"
,"Aug 26, 2021",22.2,22.34,21.79,22.07,22.02,"237,940,000"
,"Aug 25, 2021",21.74,22.47,21.72,22.21,22.16,"347,701,000"
,"Aug 24, 2021",21.75,21.96,21.53,21.79,21.75,"297,299,000"
,"Aug 23, 2021",20.97,22,20.95,21.96,21.91,"575,807,000"
,"Aug 20, 2021",19.99,20.86,19.93,20.82,20.77,"675,741,000"
,"Aug 19, 2021",19.49,20.5,18.76,19.8,19.75,"766,555,000"
,"Aug 18, 2021",19.5,19.63,19,19.04,19,"285,913,000"
,"Aug 17, 2021",19.68,19.77,19.27,19.46,19.42,"204,585,000"
,"Aug 16, 2021",20.14,20.29,19.45,19.95,19.91,"210,876,000"
,"Aug 13, 2021",19.91,20.21,19.85,20.19,20.14,"183,063,000"
,"Aug 12, 2021",19.87,20.03,19.62,19.91,19.86,"151,652,000"
,"Aug 11, 2021",20.04,20.05,19.43,19.7,19.66,"185,925,000"
,"Aug 10, 2021",20.32,20.43,19.83,19.94,19.89,"179,238,000"
,"Aug 9, 2021",20.45,20.51,20.14,20.3,20.25,"146,443,000"
,"Aug 6, 2021",20.52,20.57,20.21,20.37,20.32,"178,497,000"
,"Aug 5, 2021",20.5,20.73,20.34,20.64,20.59,"211,435,000"
,"Aug 4, 2021",19.99,20.32,19.83,20.27,20.23,"231,309,000"
,"Aug 3, 2021",19.74,20.22,19.22,19.82,19.77,"301,811,000"
,"Aug 2, 2021",19.7,19.96,19.36,19.75,19.71,"217,444,000"
,"Jul 30, 2021",19.42,19.63,19.26,19.5,19.46,"183,497,000"
,"Jul 29, 2021",19.52,19.85,19.33,19.66,19.62,"190,781,000"
,"Jul 28, 2021",19.32,19.65,19,19.5,19.46,"202,191,000"
,"Jul 27, 2021",19.26,19.62,18.74,19.21,19.17,"248,863,000"
,"Jul 26, 2021",19.31,19.44,18.91,19.29,19.25,"203,943,000"
,"Jul 23, 2021",19.66,19.7,19.25,19.56,19.52,"195,672,000"
,"Jul 22, 2021",19.64,19.89,19.28,19.59,19.55,"323,826,000"
,"Jul 21, 2021",18.88,19.53,18.74,19.41,19.37,"371,017,000"
,"Jul 20, 2021",4:1 Stock Splits,,,,,
,"Jul 20, 2021",18.73,18.84,18.16,18.61,18.57,"434,687,000"
,"Jul 19, 2021",17.92,19.04,17.87,18.78,18.74,"749,060,000"
,"Jul 16, 2021",19.03,19.16,18.07,18.16,18.12,"688,224,000"
,"Jul 15, 2021",19.81,19.85,18.86,18.97,18.92,"550,564,000"
,"Jul 14, 2021",20.36,20.42,19.75,19.84,19.8,"380,100,000"
,"Jul 13, 2021",20.4,20.46,20.11,20.25,20.21,"290,708,000"
,"Jul 12, 2021",20.24,20.53,20.19,20.51,20.47,"321,984,000"
,"Jul 9, 2021",19.96,20.08,19.75,20.05,20.01,"296,624,000"
,"Jul 8, 2021",19.86,20.13,19.7,19.9,19.86,"503,300,000"
,"Jul 7, 2021",20.85,20.88,20.33,20.37,20.33,"418,428,000"
,"Jul 6, 2021",20.74,20.84,20.35,20.7,20.65,"446,708,000"
,"Jul 2, 2021",20.44,20.51,20.29,20.49,20.44,"342,764,000"
,"Jul 1, 2021",20.13,20.46,20.02,20.21,20.17,"480,136,000"
,"Jun 30, 2021",20,20.16,19.86,20,19.96,"326,568,000"
,"Jun 29, 2021",19.88,20.1,19.66,20.03,19.98,"367,632,000"
,"Jun 28, 2021",19.36,20.08,19.32,19.99,19.94,"495,436,000"
,"Jun 25, 2021",19.28,19.35,18.89,19.03,18.99,"278,364,000"
,"Jun 24, 2021",19.23,19.42,19.09,19.21,19.16,"320,924,000"
,"Jun 23, 2021",19.01,19.15,18.91,19.06,19.02,"332,356,000"
,"Jun 22, 2021",18.47,18.96,18.39,18.89,18.85,"580,144,000"
,"Jun 21, 2021",18.44,18.54,17.82,18.43,18.39,"672,384,000"
,"Jun 18, 2021",18.78,19.38,18.58,18.64,18.6,"968,856,000"
,"Jun 17, 2021",17.77,18.83,17.76,18.66,18.62,"809,656,000"
,"Jun 16, 2021",17.79,17.95,17.58,17.81,17.77,"307,124,000"
,"Jun 15, 2021",17.92,18.02,17.73,17.79,17.75,"243,032,000"
,"Jun 14, 2021",17.91,18.04,17.66,18.02,17.98,"321,376,000"
,"Jun 11, 2021",17.48,17.94,17.44,17.83,17.79,"416,308,000"
,"Jun 10, 2021",17.35,17.49,17.18,17.42,17.39,"287,772,000"
,"Jun 9, 2021",,,,,,
,"Jun 9, 2021",17.52,17.58,17.26,17.36,17.32,"381,656,000"
,"Jun 8, 2021",17.53,17.62,17.25,17.46,17.42,"323,848,000"
,"Jun 7, 2021",17.57,17.81,17.19,17.62,17.58,"575,756,000"
,"Jun 4, 2021",17.11,17.66,17.1,17.58,17.54,"617,120,000"
,"Jun 3, 2021",16.7,17.26,16.58,16.97,16.93,"580,008,000"
,"Jun 2, 2021",16.25,16.92,16.24,16.78,16.74,"594,168,000"
,"Jun 1, 2021",16.27,16.39,15.9,16.26,16.23,"472,804,000"
,"May 28, 2021",15.5,16.28,15.5,16.24,16.21,"644,536,000"
,"May 27, 2021",15.7,15.75,15.46,15.49,15.45,"581,476,000"
,"May 26, 2021",15.73,15.79,15.59,15.7,15.66,"370,440,000"
,"May 25, 2021",15.77,15.82,15.48,15.65,15.61,"435,408,000"
,"May 24, 2021",15.21,15.74,15.18,15.61,15.57,"554,816,000"
,"May 21, 2021",15.16,15.22,14.87,14.99,14.96,"672,992,000"
,"May 20, 2021",14.3,14.68,14.27,14.61,14.58,"321,592,000"
,"May 19, 2021",13.57,14.08,13.54,14.07,14.03,"344,000,000"
,"May 18, 2021",14.27,14.4,14,14.02,13.98,"186,256,000"
,"May 17, 2021",14.16,14.17,13.85,14.17,14.13,"216,980,000"
,"May 14, 2021",13.89,14.33,13.75,14.24,14.21,"258,616,000"
,"May 13, 2021",14.03,14.08,13.46,13.67,13.63,"285,404,000"
,"May 12, 2021",14.01,14.26,13.71,13.76,13.73,"303,408,000"
,"May 11, 2021",13.82,14.35,13.75,14.31,14.27,"285,584,000"
,"May 10, 2021",14.79,14.81,14.25,14.27,14.23,"268,904,000"
,"May 7, 2021",14.81,14.97,14.67,14.81,14.78,"229,328,000"
,"May 6, 2021",14.5,14.57,14.22,14.52,14.49,"193,380,000"
,"May 5, 2021",14.71,14.81,14.39,14.46,14.42,"292,024,000"
,"May 4, 2021",14.64,14.64,14.01,14.35,14.32,"405,324,000"
,"May 3, 2021",15.13,15.25,14.79,14.84,14.8,"203,912,000"
,"Apr 30, 2021",15.17,15.36,15,15.01,14.97,"201,912,000"
,"Apr 29, 2021",15.4,15.44,15.07,15.32,15.29,"173,196,000"
,"Apr 28, 2021",15.36,15.53,15.22,15.28,15.24,"209,416,000"
,"Apr 27, 2021",15.58,15.67,15.35,15.38,15.34,"164,572,000"
,"Apr 26, 2021",15.19,15.48,15.13,15.48,15.44,"197,796,000"
,"Apr 23, 2021",14.93,15.34,14.9,15.27,15.23,"227,500,000"
,"Apr 22, 2021",15.38,15.44,14.78,14.85,14.81,"277,788,000"
,"Apr 21, 2021",15.12,15.36,15.1,15.36,15.32,"216,776,000"
,"Apr 20, 2021",15.32,15.5,14.96,15.17,15.13,"334,132,000"
,"Apr 19, 2021",15.54,15.81,15.23,15.36,15.32,"404,420,000"
,"Apr 16, 2021",16.05,16.17,15.87,15.91,15.87,"335,208,000"
,"Apr 15, 2021",15.66,16.21,15.63,16.14,16.1,"598,480,000"
,"Apr 14, 2021",15.63,15.72,15.23,15.28,15.24,"385,500,000"
,"Apr 13, 2021",15.23,15.7,15.13,15.68,15.64,"676,212,000"
,"Apr 12, 2021",14.29,15.35,14.14,15.21,15.17,"869,324,000"
,"Apr 9, 2021",14.21,14.41,14.18,14.4,14.37,"195,172,000"
,"Apr 8, 2021",14.25,14.47,14.25,14.32,14.28,"244,416,000"
,"Apr 7, 2021",13.88,14.24,13.71,14.14,14.11,"251,284,000"
,"Apr 6, 2021",14,14.05,13.77,13.86,13.83,"191,744,000"
,"Apr 5, 2021",13.87,14.01,13.73,13.99,13.95,"255,672,000"
,"Apr 1, 2021",13.57,13.87,13.51,13.81,13.78,"308,276,000"
,"Mar 31, 2021",13.02,13.47,12.98,13.35,13.32,"314,776,000"
,"Mar 30, 2021",12.84,12.98,12.7,12.87,12.84,"200,204,000"
,"Mar 29, 2021",12.82,13.06,12.7,12.95,12.92,"273,520,000"
,"Mar 26, 2021",12.55,12.86,12.37,12.84,12.81,"363,968,000"
,"Mar 25, 2021",12.5,12.71,12.27,12.54,12.51,"295,144,000"
,"Mar 24, 2021",13.15,13.16,12.64,12.64,12.61,"245,840,000"
,"Mar 23, 2021",13.25,13.34,13.02,13.07,13.04,"222,048,000"
,"Mar 22, 2021",12.91,13.39,12.91,13.19,13.15,"297,804,000"
,"Mar 19, 2021",12.75,12.92,12.61,12.85,12.81,"299,208,000"
,"Mar 18, 2021",13.14,13.18,12.72,12.72,12.69,"293,896,000"
,"Mar 17, 2021",13.04,13.45,12.99,13.34,13.31,"243,864,000"
,"Mar 16, 2021",13.36,13.51,13.12,13.29,13.26,"272,128,000"
,"Mar 15, 2021",12.86,13.21,12.77,13.19,13.16,"221,988,000"
,"Mar 12, 2021",12.65,12.89,12.59,12.86,12.83,"243,964,000"
,"Mar 11, 2021",12.95,13.05,12.73,12.99,12.96,"299,916,000"
,"Mar 10, 2021",12.84,12.98,12.46,12.47,12.44,"384,376,000"
,"Mar 9, 2021",,,,,,
,"Mar 9, 2021",12.13,12.62,12.06,12.52,12.49,"521,824,000"
,"Mar 8, 2021",12.45,12.47,11.57,11.59,11.56,"543,112,000"
,"Mar 5, 2021",12.55,12.55,11.68,12.46,12.43,"542,840,000"
,"Mar 4, 2021",12.8,12.98,12.08,12.37,12.34,"573,344,000"
,"Mar 3, 2021",13.43,13.45,12.8,12.8,12.77,"377,592,000"
,"Mar 2, 2021",13.9,13.92,13.4,13.41,13.37,"264,116,000"
,"Mar 1, 2021",13.88,13.93,13.55,13.84,13.8,"353,184,000"
,"Feb 26, 2021",13.75,13.85,13.36,13.71,13.68,"500,932,000"
,"Feb 25, 2021",14.05,14.37,13.22,13.31,13.27,"824,436,000"
,"Feb 24, 2021",14.12,14.51,13.76,14.5,14.46,"448,320,000"
,"Feb 23, 2021",14.08,14.24,13.39,14.14,14.1,"391,780,000"
,"Feb 22, 2021",14.77,15.13,14.32,14.36,14.32,"325,884,000"
,"Feb 19, 2021",15.02,15.18,14.85,14.93,14.89,"271,724,000"
,"Feb 18, 2021",14.73,14.87,14.57,14.83,14.79,"233,868,000"
,"Feb 17, 2021",15.17,15.22,14.78,14.91,14.87,"274,756,000"
,"Feb 16, 2021",15.06,15.37,14.95,15.33,15.29,"321,960,000"
,"Feb 12, 2021",15.05,15.29,14.77,14.96,14.92,"374,756,000"
,"Feb 11, 2021",14.98,15.27,14.93,15.25,15.21,"450,828,000"
,"Feb 10, 2021",14.46,14.9,14.34,14.76,14.72,"485,352,000"
,"Feb 9, 2021",14.34,14.58,14.22,14.26,14.22,"287,560,000"
,"Feb 8, 2021",13.73,14.47,13.73,14.44,14.4,"434,624,000"
,"Feb 5, 2021",13.73,13.74,13.55,13.59,13.55,"169,152,000"
,"Feb 4, 2021",13.53,13.67,13.34,13.66,13.63,"201,340,000"
,"Feb 3, 2021",13.64,13.93,13.52,13.53,13.49,"245,408,000"
,"Feb 2, 2021",13.4,13.57,13.29,13.56,13.52,"220,440,000"
,"Feb 1, 2021",13.05,13.27,12.9,13.24,13.2,"217,204,000"
,"Jan 29, 2021",13.07,13.33,12.91,12.99,12.95,"271,552,000"
,"Jan 28, 2021",13,13.34,12.96,13.05,13.02,"228,316,000"
,"Jan 27, 2021",13.23,13.23,12.79,12.92,12.88,"371,272,000"
,"Jan 26, 2021",13.58,13.64,13.39,13.44,13.4,"163,980,000"
,"Jan 25, 2021",13.78,13.83,13.24,13.65,13.62,"251,112,000"
,"Jan 22, 2021",13.74,13.84,13.63,13.71,13.67,"246,820,000"
,"Jan 21, 2021",13.42,14,13.25,13.87,13.83,"337,780,000"
,"Jan 20, 2021",13.11,13.43,13.06,13.37,13.33,"258,572,000"
,"Jan 19, 2021",13.02,13.09,12.84,13.03,12.99,"226,188,000"
,"Jan 15, 2021",13.23,13.33,12.85,12.86,12.82,"277,780,000"
,"Jan 14, 2021",13.57,13.6,13.18,13.2,13.16,"283,120,000"
,"Jan 13, 2021",13.49,13.63,13.39,13.53,13.49,"210,028,000"
,"Jan 12, 2021",13.75,13.75,13.35,13.48,13.45,"291,476,000"
,"Jan 11, 2021",13.42,13.96,13.36,13.62,13.58,"518,344,000"
,"Jan 8, 2021",13.36,13.42,13.04,13.28,13.24,"292,528,000"
,"Jan 7, 2021",12.97,13.38,12.89,13.34,13.31,"461,480,000"
,"Jan 6, 2021",13.22,13.24,12.59,12.61,12.58,"580,424,000"
,"Jan 5, 2021",13.1,13.44,13.09,13.4,13.37,"322,760,000"
,"Jan 4, 2021",13.1,13.65,12.96,13.11,13.08,"560,640,000"
,"Dec 31, 2020",13.14,13.15,12.91,13.06,13.02,"192,424,000"
,"Dec 30, 2020",12.99,13.21,12.9,13.15,13.11,"225,396,000"
,"Dec 29, 2020",12.93,13.07,12.84,12.94,12.91,"170,372,000"
,"Dec 28, 2020",13.06,13.06,12.76,12.9,12.86,"212,564,000"
,"Dec 24, 2020",13.04,13.13,12.94,12.99,12.96,"97,884,000"
,"Dec 23, 2020",13.26,13.27,13.01,13.01,12.97,"179,144,000"
,"Dec 22, 2020",13.32,13.34,13.05,13.28,13.24,"185,580,000"
,"Dec 21, 2020",13.07,13.37,12.97,13.33,13.3,"302,332,000"
,"Dec 18, 2020",13.38,13.4,13.07,13.27,13.24,"342,064,000"
,"Dec 17, 2020",13.37,13.38,13.18,13.34,13.3,"231,384,000"
,"Dec 16, 2020",13.42,13.44,13.21,13.24,13.21,"223,116,000"
,"Dec 15, 2020",13.44,13.46,13.19,13.36,13.32,"193,016,000"
,"Dec 14, 2020",13.09,13.39,13.08,13.31,13.27,"270,156,000"
,"Dec 11, 2020",12.97,13.02,12.82,13.01,12.98,"209,264,000"
,"Dec 10, 2020",12.87,13.07,12.85,12.97,12.94,"207,764,000"
,"Dec 9, 2020",13.3,13.41,12.87,12.93,12.9,"401,300,000"
,"Dec 8, 2020",13.59,13.6,13.28,13.35,13.31,"271,920,000"
,"Dec 7, 2020",13.6,13.73,13.5,13.61,13.57,"223,244,000"
,"Dec 4, 2020",13.45,13.56,13.39,13.56,13.52,"202,244,000"